--2026-06-12 04:27:27--  https://spacebilliard.com/
Resolving spacebilliard.com (spacebilliard.com)... 152.53.36.14, 2a0a:4cc0:2000:66:b8d4:2bff:fe29:768b
Connecting to spacebilliard.com (spacebilliard.com)|152.53.36.14|:443... connected.
HTTP request sent, awaiting response... 200 OK
Length: unspecified [text/html]
Saving to: ‘spacebilliard.com/index.html’

     0K .......... .......... .......... .......... .......... 2.85M
    50K .......... .......... .......... .......... .......... 6.80M
   100K .......... .......... .......... .......... .......... 5.81M
   150K .......... .......... .......... .......... .......... 7.65M
   200K .......... .......... .......... .......... .......... 3.88M
   250K .......... .......... .......... .......... .......... 7.62M
   300K .......... .......... .......... .......... .......... 8.29M
   350K .......... .......... .......... .......... .......... 4.18M
   400K .......... .......... .......... .......... .......... 5.26M
   450K .......... .......... .......... .......... .......... 21.6M
   500K .......... .......... .......... .......... .......... 17.4M
   550K .......... .......... .......... .......... .......... 8.71M
   600K .......... .......... .......... .......... .......... 17.3M
   650K .......... .......... .......... .......... .......... 18.9M
   700K .......... .......... .......... .......... .......... 17.2M
   750K .......... ........                                    20.9M=0.1s

2026-06-12 04:27:27 (7.17 MB/s) - ‘spacebilliard.com/index.html’ saved [786649]

Loading robots.txt; please ignore errors.
--2026-06-12 04:27:27--  https://cdn.spacebilliard.com/robots.txt
Resolving cdn.spacebilliard.com (cdn.spacebilliard.com)... 37.19.207.37, 2400:52e0:1a04::1310:1
Connecting to cdn.spacebilliard.com (cdn.spacebilliard.com)|37.19.207.37|:443... connected.
HTTP request sent, awaiting response... 200 OK
Length: 39 [text/plain]
Saving to: ‘cdn.spacebilliard.com/robots.txt’

     0K                                                       100% 4.13M=0s

2026-06-12 04:27:27 (4.13 MB/s) - ‘cdn.spacebilliard.com/robots.txt’ saved [39/39]

Loading robots.txt; please ignore errors.
--2026-06-12 04:27:27--  https://spacebilliard.com/robots.txt
Connecting to spacebilliard.com (spacebilliard.com)|152.53.36.14|:443... connected.
HTTP request sent, awaiting response... 200 OK
Length: 186 [text/plain]
Saving to: ‘spacebilliard.com/robots.txt’

     0K                                                       100%  177M=0s

2026-06-12 04:27:27 (177 MB/s) - ‘spacebilliard.com/robots.txt’ saved [186/186]

--2026-06-12 04:27:27--  https://cdn.spacebilliard.com/easyio-gfont/s/opensans/v44/memtYaGs126MiZpBA-UFUIcVXSCEkx2cmqvXlWqWtE6FxZCJgvAQ.woff2
Connecting to cdn.spacebilliard.com (cdn.spacebilliard.com)|37.19.207.37|:443... connected.
HTTP request sent, awaiting response... 200 OK
Length: 49560 (48K) [font/woff2]
Saving to: ‘cdn.spacebilliard.com/easyio-gfont/s/opensans/v44/memtYaGs126MiZpBA-UFUIcVXSCEkx2cmqvXlWqWtE6FxZCJgvAQ.woff2’

     0K .......... .......... .......... .......... ........  100% 4.23M=0.01s

2026-06-12 04:27:27 (4.23 MB/s) - ‘cdn.spacebilliard.com/easyio-gfont/s/opensans/v44/memtYaGs126MiZpBA-UFUIcVXSCEkx2cmqvXlWqWtE6FxZCJgvAQ.woff2’ saved [49560/49560]

--2026-06-12 04:27:27--  https://cdn.spacebilliard.com/easyio-gfont/s/opensans/v44/memtYaGs126MiZpBA-UFUIcVXSCEkx2cmqvXlWqWvU6FxZCJgvAQ.woff2
Reusing existing connection to cdn.spacebilliard.com:443.
HTTP request sent, awaiting response... 200 OK
Length: 28048 (27K) [font/woff2]
Saving to: ‘cdn.spacebilliard.com/easyio-gfont/s/opensans/v44/memtYaGs126MiZpBA-UFUIcVXSCEkx2cmqvXlWqWvU6FxZCJgvAQ.woff2’

     0K .......... .......... .......                         100% 10.7M=0.003s

2026-06-12 04:27:28 (10.7 MB/s) - ‘cdn.spacebilliard.com/easyio-gfont/s/opensans/v44/memtYaGs126MiZpBA-UFUIcVXSCEkx2cmqvXlWqWvU6FxZCJgvAQ.woff2’ saved [28048/28048]

--2026-06-12 04:27:28--  https://cdn.spacebilliard.com/easyio-gfont/s/opensans/v44/memtYaGs126MiZpBA-UFUIcVXSCEkx2cmqvXlWqWtU6FxZCJgvAQ.woff2
Reusing existing connection to cdn.spacebilliard.com:443.
HTTP request sent, awaiting response... 200 OK
Length: 1960 (1.9K) [font/woff2]
Saving to: ‘cdn.spacebilliard.com/easyio-gfont/s/opensans/v44/memtYaGs126MiZpBA-UFUIcVXSCEkx2cmqvXlWqWtU6FxZCJgvAQ.woff2’

     0K .                                                     100% 93.5M=0s

2026-06-12 04:27:28 (93.5 MB/s) - ‘cdn.spacebilliard.com/easyio-gfont/s/opensans/v44/memtYaGs126MiZpBA-UFUIcVXSCEkx2cmqvXlWqWtU6FxZCJgvAQ.woff2’ saved [1960/1960]

--2026-06-12 04:27:28--  https://cdn.spacebilliard.com/easyio-gfont/s/opensans/v44/memtYaGs126MiZpBA-UFUIcVXSCEkx2cmqvXlWqWuk6FxZCJgvAQ.woff2
Reusing existing connection to cdn.spacebilliard.com:443.
HTTP request sent, awaiting response... 200 OK
Length: 19196 (19K) [font/woff2]
Saving to: ‘cdn.spacebilliard.com/easyio-gfont/s/opensans/v44/memtYaGs126MiZpBA-UFUIcVXSCEkx2cmqvXlWqWuk6FxZCJgvAQ.woff2’

     0K .......... ........                                   100% 9.38M=0.002s

2026-06-12 04:27:28 (9.38 MB/s) - ‘cdn.spacebilliard.com/easyio-gfont/s/opensans/v44/memtYaGs126MiZpBA-UFUIcVXSCEkx2cmqvXlWqWuk6FxZCJgvAQ.woff2’ saved [19196/19196]

--2026-06-12 04:27:28--  https://cdn.spacebilliard.com/easyio-gfont/s/opensans/v44/memtYaGs126MiZpBA-UFUIcVXSCEkx2cmqvXlWqWu06FxZCJgvAQ.woff2
Reusing existing connection to cdn.spacebilliard.com:443.
HTTP request sent, awaiting response... 200 OK
Length: 14664 (14K) [font/woff2]
Saving to: ‘cdn.spacebilliard.com/easyio-gfont/s/opensans/v44/memtYaGs126MiZpBA-UFUIcVXSCEkx2cmqvXlWqWu06FxZCJgvAQ.woff2’

     0K .......... ....                                       100% 6.83G=0s

2026-06-12 04:27:28 (6.83 GB/s) - ‘cdn.spacebilliard.com/easyio-gfont/s/opensans/v44/memtYaGs126MiZpBA-UFUIcVXSCEkx2cmqvXlWqWu06FxZCJgvAQ.woff2’ saved [14664/14664]

--2026-06-12 04:27:28--  https://cdn.spacebilliard.com/easyio-gfont/s/opensans/v44/memtYaGs126MiZpBA-UFUIcVXSCEkx2cmqvXlWqWxU6FxZCJgvAQ.woff2
Reusing existing connection to cdn.spacebilliard.com:443.
HTTP request sent, awaiting response... 200 OK
Length: 51112 (50K) [font/woff2]
Saving to: ‘cdn.spacebilliard.com/easyio-gfont/s/opensans/v44/memtYaGs126MiZpBA-UFUIcVXSCEkx2cmqvXlWqWxU6FxZCJgvAQ.woff2’

     0K .......... .......... .......... .......... ......... 100% 10.3M=0.005s

2026-06-12 04:27:28 (10.3 MB/s) - ‘cdn.spacebilliard.com/easyio-gfont/s/opensans/v44/memtYaGs126MiZpBA-UFUIcVXSCEkx2cmqvXlWqWxU6FxZCJgvAQ.woff2’ saved [51112/51112]

--2026-06-12 04:27:28--  https://cdn.spacebilliard.com/easyio-gfont/s/opensans/v44/memtYaGs126MiZpBA-UFUIcVXSCEkx2cmqvXlWqW106FxZCJgvAQ.woff2
Reusing existing connection to cdn.spacebilliard.com:443.
HTTP request sent, awaiting response... 200 OK
Length: 22548 (22K) [font/woff2]
Saving to: ‘cdn.spacebilliard.com/easyio-gfont/s/opensans/v44/memtYaGs126MiZpBA-UFUIcVXSCEkx2cmqvXlWqW106FxZCJgvAQ.woff2’

     0K .......... .......... ..                              100% 17.9M=0.001s

2026-06-12 04:27:28 (17.9 MB/s) - ‘cdn.spacebilliard.com/easyio-gfont/s/opensans/v44/memtYaGs126MiZpBA-UFUIcVXSCEkx2cmqvXlWqW106FxZCJgvAQ.woff2’ saved [22548/22548]

--2026-06-12 04:27:28--  https://cdn.spacebilliard.com/easyio-gfont/s/opensans/v44/memtYaGs126MiZpBA-UFUIcVXSCEkx2cmqvXlWqWtk6FxZCJgvAQ.woff2
Reusing existing connection to cdn.spacebilliard.com:443.
HTTP request sent, awaiting response... 200 OK
Length: 13620 (13K) [font/woff2]
Saving to: ‘cdn.spacebilliard.com/easyio-gfont/s/opensans/v44/memtYaGs126MiZpBA-UFUIcVXSCEkx2cmqvXlWqWtk6FxZCJgvAQ.woff2’

     0K .......... ...                                        100% 21.4M=0.001s

2026-06-12 04:27:28 (21.4 MB/s) - ‘cdn.spacebilliard.com/easyio-gfont/s/opensans/v44/memtYaGs126MiZpBA-UFUIcVXSCEkx2cmqvXlWqWtk6FxZCJgvAQ.woff2’ saved [13620/13620]

--2026-06-12 04:27:28--  https://cdn.spacebilliard.com/easyio-gfont/s/opensans/v44/memtYaGs126MiZpBA-UFUIcVXSCEkx2cmqvXlWqWt06FxZCJgvAQ.woff2
Reusing existing connection to cdn.spacebilliard.com:443.
HTTP request sent, awaiting response... 200 OK
Length: 33076 (32K) [font/woff2]
Saving to: ‘cdn.spacebilliard.com/easyio-gfont/s/opensans/v44/memtYaGs126MiZpBA-UFUIcVXSCEkx2cmqvXlWqWt06FxZCJgvAQ.woff2’

     0K .......... .......... .......... ..                   100% 10.7M=0.003s

2026-06-12 04:27:28 (10.7 MB/s) - ‘cdn.spacebilliard.com/easyio-gfont/s/opensans/v44/memtYaGs126MiZpBA-UFUIcVXSCEkx2cmqvXlWqWt06FxZCJgvAQ.woff2’ saved [33076/33076]

--2026-06-12 04:27:28--  https://cdn.spacebilliard.com/easyio-gfont/s/opensans/v44/memtYaGs126MiZpBA-UFUIcVXSCEkx2cmqvXlWqWuU6FxZCJgg.woff2
Reusing existing connection to cdn.spacebilliard.com:443.
HTTP request sent, awaiting response... 200 OK
Length: 45072 (44K) [font/woff2]
Saving to: ‘cdn.spacebilliard.com/easyio-gfont/s/opensans/v44/memtYaGs126MiZpBA-UFUIcVXSCEkx2cmqvXlWqWuU6FxZCJgg.woff2’

     0K .......... .......... .......... .......... ....      100% 1.42M=0.03s

2026-06-12 04:27:28 (1.42 MB/s) - ‘cdn.spacebilliard.com/easyio-gfont/s/opensans/v44/memtYaGs126MiZpBA-UFUIcVXSCEkx2cmqvXlWqWuU6FxZCJgg.woff2’ saved [45072/45072]

--2026-06-12 04:27:28--  https://cdn.spacebilliard.com/easyio-gfont/s/opensans/v44/memvYaGs126MiZpBA-UvWbX2vVnXBbObj2OVTSKmu0SC55K5gw.woff2
Reusing existing connection to cdn.spacebilliard.com:443.
HTTP request sent, awaiting response... 200 OK
Length: 44028 (43K) [font/woff2]
Saving to: ‘cdn.spacebilliard.com/easyio-gfont/s/opensans/v44/memvYaGs126MiZpBA-UvWbX2vVnXBbObj2OVTSKmu0SC55K5gw.woff2’

     0K .......... .......... .......... .......... ..        100% 1.73M=0.02s

2026-06-12 04:27:29 (1.73 MB/s) - ‘cdn.spacebilliard.com/easyio-gfont/s/opensans/v44/memvYaGs126MiZpBA-UvWbX2vVnXBbObj2OVTSKmu0SC55K5gw.woff2’ saved [44028/44028]

--2026-06-12 04:27:29--  https://cdn.spacebilliard.com/easyio-gfont/s/opensans/v44/memvYaGs126MiZpBA-UvWbX2vVnXBbObj2OVTSumu0SC55K5gw.woff2
Reusing existing connection to cdn.spacebilliard.com:443.
HTTP request sent, awaiting response... 200 OK
Length: 22836 (22K) [font/woff2]
Saving to: ‘cdn.spacebilliard.com/easyio-gfont/s/opensans/v44/memvYaGs126MiZpBA-UvWbX2vVnXBbObj2OVTSumu0SC55K5gw.woff2’

     0K .......... .......... ..                              100% 11.2M=0.002s

2026-06-12 04:27:29 (11.2 MB/s) - ‘cdn.spacebilliard.com/easyio-gfont/s/opensans/v44/memvYaGs126MiZpBA-UvWbX2vVnXBbObj2OVTSumu0SC55K5gw.woff2’ saved [22836/22836]

--2026-06-12 04:27:29--  https://cdn.spacebilliard.com/easyio-gfont/s/opensans/v44/memvYaGs126MiZpBA-UvWbX2vVnXBbObj2OVTSOmu0SC55K5gw.woff2
Reusing existing connection to cdn.spacebilliard.com:443.
HTTP request sent, awaiting response... 200 OK
Length: 1768 (1.7K) [font/woff2]
Saving to: ‘cdn.spacebilliard.com/easyio-gfont/s/opensans/v44/memvYaGs126MiZpBA-UvWbX2vVnXBbObj2OVTSOmu0SC55K5gw.woff2’

     0K .                                                     100% 52.7M=0s

2026-06-12 04:27:29 (52.7 MB/s) - ‘cdn.spacebilliard.com/easyio-gfont/s/opensans/v44/memvYaGs126MiZpBA-UvWbX2vVnXBbObj2OVTSOmu0SC55K5gw.woff2’ saved [1768/1768]

--2026-06-12 04:27:29--  https://cdn.spacebilliard.com/easyio-gfont/s/opensans/v44/memvYaGs126MiZpBA-UvWbX2vVnXBbObj2OVTSymu0SC55K5gw.woff2
Reusing existing connection to cdn.spacebilliard.com:443.
HTTP request sent, awaiting response... 200 OK
Length: 17708 (17K) [font/woff2]
Saving to: ‘cdn.spacebilliard.com/easyio-gfont/s/opensans/v44/memvYaGs126MiZpBA-UvWbX2vVnXBbObj2OVTSymu0SC55K5gw.woff2’

     0K .......... .......                                    100% 19.3M=0.001s

2026-06-12 04:27:29 (19.3 MB/s) - ‘cdn.spacebilliard.com/easyio-gfont/s/opensans/v44/memvYaGs126MiZpBA-UvWbX2vVnXBbObj2OVTSymu0SC55K5gw.woff2’ saved [17708/17708]

--2026-06-12 04:27:29--  https://cdn.spacebilliard.com/easyio-gfont/s/opensans/v44/memvYaGs126MiZpBA-UvWbX2vVnXBbObj2OVTS2mu0SC55K5gw.woff2
Reusing existing connection to cdn.spacebilliard.com:443.
HTTP request sent, awaiting response... 200 OK
Length: 13608 (13K) [font/woff2]
Saving to: ‘cdn.spacebilliard.com/easyio-gfont/s/opensans/v44/memvYaGs126MiZpBA-UvWbX2vVnXBbObj2OVTS2mu0SC55K5gw.woff2’

     0K .......... ...                                        100% 4.22G=0s

2026-06-12 04:27:29 (4.22 GB/s) - ‘cdn.spacebilliard.com/easyio-gfont/s/opensans/v44/memvYaGs126MiZpBA-UvWbX2vVnXBbObj2OVTS2mu0SC55K5gw.woff2’ saved [13608/13608]

--2026-06-12 04:27:29--  https://cdn.spacebilliard.com/easyio-gfont/s/opensans/v44/memvYaGs126MiZpBA-UvWbX2vVnXBbObj2OVTVOmu0SC55K5gw.woff2
Reusing existing connection to cdn.spacebilliard.com:443.
HTTP request sent, awaiting response... 200 OK
Length: 46884 (46K) [font/woff2]
Saving to: ‘cdn.spacebilliard.com/easyio-gfont/s/opensans/v44/memvYaGs126MiZpBA-UvWbX2vVnXBbObj2OVTVOmu0SC55K5gw.woff2’

     0K .......... .......... .......... .......... .....     100% 14.5M=0.003s

2026-06-12 04:27:29 (14.5 MB/s) - ‘cdn.spacebilliard.com/easyio-gfont/s/opensans/v44/memvYaGs126MiZpBA-UvWbX2vVnXBbObj2OVTVOmu0SC55K5gw.woff2’ saved [46884/46884]

--2026-06-12 04:27:29--  https://cdn.spacebilliard.com/easyio-gfont/s/opensans/v44/memvYaGs126MiZpBA-UvWbX2vVnXBbObj2OVTUGmu0SC55K5gw.woff2
Reusing existing connection to cdn.spacebilliard.com:443.
HTTP request sent, awaiting response... 200 OK
Length: 22680 (22K) [font/woff2]
Saving to: ‘cdn.spacebilliard.com/easyio-gfont/s/opensans/v44/memvYaGs126MiZpBA-UvWbX2vVnXBbObj2OVTUGmu0SC55K5gw.woff2’

     0K .......... .......... ..                              100% 10.1M=0.002s

2026-06-12 04:27:29 (10.1 MB/s) - ‘cdn.spacebilliard.com/easyio-gfont/s/opensans/v44/memvYaGs126MiZpBA-UvWbX2vVnXBbObj2OVTUGmu0SC55K5gw.woff2’ saved [22680/22680]

--2026-06-12 04:27:29--  https://cdn.spacebilliard.com/easyio-gfont/s/opensans/v44/memvYaGs126MiZpBA-UvWbX2vVnXBbObj2OVTSCmu0SC55K5gw.woff2
Reusing existing connection to cdn.spacebilliard.com:443.
HTTP request sent, awaiting response... 200 OK
Length: 12960 (13K) [font/woff2]
Saving to: ‘cdn.spacebilliard.com/easyio-gfont/s/opensans/v44/memvYaGs126MiZpBA-UvWbX2vVnXBbObj2OVTSCmu0SC55K5gw.woff2’

     0K .......... ..                                         100% 14.6M=0.001s

2026-06-12 04:27:29 (14.6 MB/s) - ‘cdn.spacebilliard.com/easyio-gfont/s/opensans/v44/memvYaGs126MiZpBA-UvWbX2vVnXBbObj2OVTSCmu0SC55K5gw.woff2’ saved [12960/12960]

--2026-06-12 04:27:29--  https://cdn.spacebilliard.com/easyio-gfont/s/opensans/v44/memvYaGs126MiZpBA-UvWbX2vVnXBbObj2OVTSGmu0SC55K5gw.woff2
Reusing existing connection to cdn.spacebilliard.com:443.
HTTP request sent, awaiting response... 200 OK
Length: 30624 (30K) [font/woff2]
Saving to: ‘cdn.spacebilliard.com/easyio-gfont/s/opensans/v44/memvYaGs126MiZpBA-UvWbX2vVnXBbObj2OVTSGmu0SC55K5gw.woff2’

     0K .......... .......... .........                       100% 16.7M=0.002s

2026-06-12 04:27:30 (16.7 MB/s) - ‘cdn.spacebilliard.com/easyio-gfont/s/opensans/v44/memvYaGs126MiZpBA-UvWbX2vVnXBbObj2OVTSGmu0SC55K5gw.woff2’ saved [30624/30624]

--2026-06-12 04:27:30--  https://cdn.spacebilliard.com/easyio-gfont/s/opensans/v44/memvYaGs126MiZpBA-UvWbX2vVnXBbObj2OVTS-mu0SC55I.woff2
Reusing existing connection to cdn.spacebilliard.com:443.
HTTP request sent, awaiting response... 200 OK
Length: 42964 (42K) [font/woff2]
Saving to: ‘cdn.spacebilliard.com/easyio-gfont/s/opensans/v44/memvYaGs126MiZpBA-UvWbX2vVnXBbObj2OVTS-mu0SC55I.woff2’

     0K .......... .......... .......... .......... .         100% 21.2M=0.002s

2026-06-12 04:27:30 (21.2 MB/s) - ‘cdn.spacebilliard.com/easyio-gfont/s/opensans/v44/memvYaGs126MiZpBA-UvWbX2vVnXBbObj2OVTS-mu0SC55I.woff2’ saved [42964/42964]

--2026-06-12 04:27:30--  https://cdn.spacebilliard.com/easyio-gfont/s/opensans/v44/memtYaGs126MiZpBA-UFUIcVXSCEkx2cmqvXlWqWtE6F15M.woff2
Reusing existing connection to cdn.spacebilliard.com:443.
HTTP request sent, awaiting response... 200 OK
Length: 54944 (54K) [font/woff2]
Saving to: ‘cdn.spacebilliard.com/easyio-gfont/s/opensans/v44/memtYaGs126MiZpBA-UFUIcVXSCEkx2cmqvXlWqWtE6F15M.woff2’

     0K .......... .......... .......... .......... .......... 93% 7.84M 0s
    50K ...                                                   100% 73.1K=0.006s

2026-06-12 04:27:30 (8.42 MB/s) - ‘cdn.spacebilliard.com/easyio-gfont/s/opensans/v44/memtYaGs126MiZpBA-UFUIcVXSCEkx2cmqvXlWqWtE6F15M.woff2’ saved [54944/54944]

--2026-06-12 04:27:30--  https://cdn.spacebilliard.com/easyio-gfont/s/opensans/v44/memtYaGs126MiZpBA-UFUIcVXSCEkx2cmqvXlWqWvU6F15M.woff2
Reusing existing connection to cdn.spacebilliard.com:443.
HTTP request sent, awaiting response... 200 OK
Length: 32016 (31K) [font/woff2]
Saving to: ‘cdn.spacebilliard.com/easyio-gfont/s/opensans/v44/memtYaGs126MiZpBA-UFUIcVXSCEkx2cmqvXlWqWvU6F15M.woff2’

     0K .......... .......... .......... .                    100% 25.6M=0.001s

2026-06-12 04:27:30 (25.6 MB/s) - ‘cdn.spacebilliard.com/easyio-gfont/s/opensans/v44/memtYaGs126MiZpBA-UFUIcVXSCEkx2cmqvXlWqWvU6F15M.woff2’ saved [32016/32016]

--2026-06-12 04:27:30--  https://cdn.spacebilliard.com/easyio-gfont/s/opensans/v44/memtYaGs126MiZpBA-UFUIcVXSCEkx2cmqvXlWqWtU6F15M.woff2
Reusing existing connection to cdn.spacebilliard.com:443.
HTTP request sent, awaiting response... 200 OK
Length: 4844 (4.7K) [font/woff2]
Saving to: ‘cdn.spacebilliard.com/easyio-gfont/s/opensans/v44/memtYaGs126MiZpBA-UFUIcVXSCEkx2cmqvXlWqWtU6F15M.woff2’

     0K ....                                                  100% 17.0M=0s

2026-06-12 04:27:30 (17.0 MB/s) - ‘cdn.spacebilliard.com/easyio-gfont/s/opensans/v44/memtYaGs126MiZpBA-UFUIcVXSCEkx2cmqvXlWqWtU6F15M.woff2’ saved [4844/4844]

--2026-06-12 04:27:30--  https://cdn.spacebilliard.com/easyio-gfont/s/opensans/v44/memtYaGs126MiZpBA-UFUIcVXSCEkx2cmqvXlWqWuk6F15M.woff2
Reusing existing connection to cdn.spacebilliard.com:443.
HTTP request sent, awaiting response... 200 OK
Length: 22920 (22K) [font/woff2]
Saving to: ‘cdn.spacebilliard.com/easyio-gfont/s/opensans/v44/memtYaGs126MiZpBA-UFUIcVXSCEkx2cmqvXlWqWuk6F15M.woff2’

     0K .......... .......... ..                              100%  309K=0.07s

2026-06-12 04:27:30 (309 KB/s) - ‘cdn.spacebilliard.com/easyio-gfont/s/opensans/v44/memtYaGs126MiZpBA-UFUIcVXSCEkx2cmqvXlWqWuk6F15M.woff2’ saved [22920/22920]

--2026-06-12 04:27:30--  https://cdn.spacebilliard.com/easyio-gfont/s/opensans/v44/memtYaGs126MiZpBA-UFUIcVXSCEkx2cmqvXlWqWu06F15M.woff2
Reusing existing connection to cdn.spacebilliard.com:443.
HTTP request sent, awaiting response... 200 OK
Length: 17880 (17K) [font/woff2]
Saving to: ‘cdn.spacebilliard.com/easyio-gfont/s/opensans/v44/memtYaGs126MiZpBA-UFUIcVXSCEkx2cmqvXlWqWu06F15M.woff2’

     0K .......... .......                                    100%  133M=0s

2026-06-12 04:27:30 (133 MB/s) - ‘cdn.spacebilliard.com/easyio-gfont/s/opensans/v44/memtYaGs126MiZpBA-UFUIcVXSCEkx2cmqvXlWqWu06F15M.woff2’ saved [17880/17880]

--2026-06-12 04:27:30--  https://cdn.spacebilliard.com/easyio-gfont/s/opensans/v44/memtYaGs126MiZpBA-UFUIcVXSCEkx2cmqvXlWqWxU6F15M.woff2
Reusing existing connection to cdn.spacebilliard.com:443.
HTTP request sent, awaiting response... 200 OK
Length: 56528 (55K) [font/woff2]
Saving to: ‘cdn.spacebilliard.com/easyio-gfont/s/opensans/v44/memtYaGs126MiZpBA-UFUIcVXSCEkx2cmqvXlWqWxU6F15M.woff2’

     0K .......... .......... .......... .......... .......... 90% 16.0M 0s
    50K .....                                                 100% 5.89M=0.004s

2026-06-12 04:27:30 (13.8 MB/s) - ‘cdn.spacebilliard.com/easyio-gfont/s/opensans/v44/memtYaGs126MiZpBA-UFUIcVXSCEkx2cmqvXlWqWxU6F15M.woff2’ saved [56528/56528]

--2026-06-12 04:27:30--  https://cdn.spacebilliard.com/easyio-gfont/s/opensans/v44/memtYaGs126MiZpBA-UFUIcVXSCEkx2cmqvXlWqW106F15M.woff2
Reusing existing connection to cdn.spacebilliard.com:443.
HTTP request sent, awaiting response... 200 OK
Length: 26368 (26K) [font/woff2]
Saving to: ‘cdn.spacebilliard.com/easyio-gfont/s/opensans/v44/memtYaGs126MiZpBA-UFUIcVXSCEkx2cmqvXlWqW106F15M.woff2’

     0K .......... .......... .....                           100% 10.7M=0.002s

2026-06-12 04:27:30 (10.7 MB/s) - ‘cdn.spacebilliard.com/easyio-gfont/s/opensans/v44/memtYaGs126MiZpBA-UFUIcVXSCEkx2cmqvXlWqW106F15M.woff2’ saved [26368/26368]

--2026-06-12 04:27:30--  https://cdn.spacebilliard.com/easyio-gfont/s/opensans/v44/memtYaGs126MiZpBA-UFUIcVXSCEkx2cmqvXlWqWtk6F15M.woff2
Reusing existing connection to cdn.spacebilliard.com:443.
HTTP request sent, awaiting response... 200 OK
Length: 17212 (17K) [font/woff2]
Saving to: ‘cdn.spacebilliard.com/easyio-gfont/s/opensans/v44/memtYaGs126MiZpBA-UFUIcVXSCEkx2cmqvXlWqWtk6F15M.woff2’

     0K .......... ......                                     100% 19.0M=0.001s

2026-06-12 04:27:31 (19.0 MB/s) - ‘cdn.spacebilliard.com/easyio-gfont/s/opensans/v44/memtYaGs126MiZpBA-UFUIcVXSCEkx2cmqvXlWqWtk6F15M.woff2’ saved [17212/17212]

--2026-06-12 04:27:31--  https://cdn.spacebilliard.com/easyio-gfont/s/opensans/v44/memtYaGs126MiZpBA-UFUIcVXSCEkx2cmqvXlWqWt06F15M.woff2
Reusing existing connection to cdn.spacebilliard.com:443.
HTTP request sent, awaiting response... 200 OK
Length: 37752 (37K) [font/woff2]
Saving to: ‘cdn.spacebilliard.com/easyio-gfont/s/opensans/v44/memtYaGs126MiZpBA-UFUIcVXSCEkx2cmqvXlWqWt06F15M.woff2’

     0K .......... .......... .......... ......               100% 18.3M=0.002s

2026-06-12 04:27:31 (18.3 MB/s) - ‘cdn.spacebilliard.com/easyio-gfont/s/opensans/v44/memtYaGs126MiZpBA-UFUIcVXSCEkx2cmqvXlWqWt06F15M.woff2’ saved [37752/37752]

--2026-06-12 04:27:31--  https://cdn.spacebilliard.com/easyio-gfont/s/opensans/v44/memtYaGs126MiZpBA-UFUIcVXSCEkx2cmqvXlWqWuU6F.woff2
Reusing existing connection to cdn.spacebilliard.com:443.
HTTP request sent, awaiting response... 200 OK
Length: 50216 (49K) [font/woff2]
Saving to: ‘cdn.spacebilliard.com/easyio-gfont/s/opensans/v44/memtYaGs126MiZpBA-UFUIcVXSCEkx2cmqvXlWqWuU6F.woff2’

     0K .......... .......... .......... .......... ......... 100% 17.3M=0.003s

2026-06-12 04:27:31 (17.3 MB/s) - ‘cdn.spacebilliard.com/easyio-gfont/s/opensans/v44/memtYaGs126MiZpBA-UFUIcVXSCEkx2cmqvXlWqWuU6F.woff2’ saved [50216/50216]

--2026-06-12 04:27:31--  https://cdn.spacebilliard.com/easyio-gfont/s/opensans/v44/memvYaGs126MiZpBA-UvWbX2vVnXBbObj2OVTSKmu1aB.woff2
Reusing existing connection to cdn.spacebilliard.com:443.
HTTP request sent, awaiting response... 200 OK
Length: 49268 (48K) [font/woff2]
Saving to: ‘cdn.spacebilliard.com/easyio-gfont/s/opensans/v44/memvYaGs126MiZpBA-UvWbX2vVnXBbObj2OVTSKmu1aB.woff2’

     0K .......... .......... .......... .......... ........  100% 7.97M=0.006s

2026-06-12 04:27:31 (7.97 MB/s) - ‘cdn.spacebilliard.com/easyio-gfont/s/opensans/v44/memvYaGs126MiZpBA-UvWbX2vVnXBbObj2OVTSKmu1aB.woff2’ saved [49268/49268]

--2026-06-12 04:27:31--  https://cdn.spacebilliard.com/easyio-gfont/s/opensans/v44/memvYaGs126MiZpBA-UvWbX2vVnXBbObj2OVTSumu1aB.woff2
Reusing existing connection to cdn.spacebilliard.com:443.
HTTP request sent, awaiting response... 200 OK
Length: 26588 (26K) [font/woff2]
Saving to: ‘cdn.spacebilliard.com/easyio-gfont/s/opensans/v44/memvYaGs126MiZpBA-UvWbX2vVnXBbObj2OVTSumu1aB.woff2’

     0K .......... .......... .....                           100% 24.8M=0.001s

2026-06-12 04:27:31 (24.8 MB/s) - ‘cdn.spacebilliard.com/easyio-gfont/s/opensans/v44/memvYaGs126MiZpBA-UvWbX2vVnXBbObj2OVTSumu1aB.woff2’ saved [26588/26588]

--2026-06-12 04:27:31--  https://cdn.spacebilliard.com/easyio-gfont/s/opensans/v44/memvYaGs126MiZpBA-UvWbX2vVnXBbObj2OVTSOmu1aB.woff2
Reusing existing connection to cdn.spacebilliard.com:443.
HTTP request sent, awaiting response... 200 OK
Length: 4504 (4.4K) [font/woff2]
Saving to: ‘cdn.spacebilliard.com/easyio-gfont/s/opensans/v44/memvYaGs126MiZpBA-UvWbX2vVnXBbObj2OVTSOmu1aB.woff2’

     0K ....                                                  100% 8.04M=0.001s

2026-06-12 04:27:31 (8.04 MB/s) - ‘cdn.spacebilliard.com/easyio-gfont/s/opensans/v44/memvYaGs126MiZpBA-UvWbX2vVnXBbObj2OVTSOmu1aB.woff2’ saved [4504/4504]

--2026-06-12 04:27:31--  https://cdn.spacebilliard.com/easyio-gfont/s/opensans/v44/memvYaGs126MiZpBA-UvWbX2vVnXBbObj2OVTSymu1aB.woff2
Reusing existing connection to cdn.spacebilliard.com:443.
HTTP request sent, awaiting response... 200 OK
Length: 21332 (21K) [font/woff2]
Saving to: ‘cdn.spacebilliard.com/easyio-gfont/s/opensans/v44/memvYaGs126MiZpBA-UvWbX2vVnXBbObj2OVTSymu1aB.woff2’

     0K .......... ..........                                 100% 20.4M=0.001s

2026-06-12 04:27:31 (20.4 MB/s) - ‘cdn.spacebilliard.com/easyio-gfont/s/opensans/v44/memvYaGs126MiZpBA-UvWbX2vVnXBbObj2OVTSymu1aB.woff2’ saved [21332/21332]

--2026-06-12 04:27:31--  https://cdn.spacebilliard.com/easyio-gfont/s/opensans/v44/memvYaGs126MiZpBA-UvWbX2vVnXBbObj2OVTS2mu1aB.woff2
Reusing existing connection to cdn.spacebilliard.com:443.
HTTP request sent, awaiting response... 200 OK
Length: 16920 (17K) [font/woff2]
Saving to: ‘cdn.spacebilliard.com/easyio-gfont/s/opensans/v44/memvYaGs126MiZpBA-UvWbX2vVnXBbObj2OVTS2mu1aB.woff2’

     0K .......... ......                                     100% 13.8M=0.001s

2026-06-12 04:27:31 (13.8 MB/s) - ‘cdn.spacebilliard.com/easyio-gfont/s/opensans/v44/memvYaGs126MiZpBA-UvWbX2vVnXBbObj2OVTS2mu1aB.woff2’ saved [16920/16920]

--2026-06-12 04:27:31--  https://cdn.spacebilliard.com/easyio-gfont/s/opensans/v44/memvYaGs126MiZpBA-UvWbX2vVnXBbObj2OVTVOmu1aB.woff2
Reusing existing connection to cdn.spacebilliard.com:443.
HTTP request sent, awaiting response... 200 OK
Length: 51912 (51K) [font/woff2]
Saving to: ‘cdn.spacebilliard.com/easyio-gfont/s/opensans/v44/memvYaGs126MiZpBA-UvWbX2vVnXBbObj2OVTVOmu1aB.woff2’

     0K .......... .......... .......... .......... .......... 98% 17.2M 0s
    50K                                                       100% 13.9K=0.003s

2026-06-12 04:27:31 (17.4 MB/s) - ‘cdn.spacebilliard.com/easyio-gfont/s/opensans/v44/memvYaGs126MiZpBA-UvWbX2vVnXBbObj2OVTVOmu1aB.woff2’ saved [51912/51912]

--2026-06-12 04:27:31--  https://cdn.spacebilliard.com/easyio-gfont/s/opensans/v44/memvYaGs126MiZpBA-UvWbX2vVnXBbObj2OVTUGmu1aB.woff2
Reusing existing connection to cdn.spacebilliard.com:443.
HTTP request sent, awaiting response... 200 OK
Length: 26596 (26K) [font/woff2]
Saving to: ‘cdn.spacebilliard.com/easyio-gfont/s/opensans/v44/memvYaGs126MiZpBA-UvWbX2vVnXBbObj2OVTUGmu1aB.woff2’

     0K .......... .......... .....                           100% 10.5M=0.002s

2026-06-12 04:27:31 (10.5 MB/s) - ‘cdn.spacebilliard.com/easyio-gfont/s/opensans/v44/memvYaGs126MiZpBA-UvWbX2vVnXBbObj2OVTUGmu1aB.woff2’ saved [26596/26596]

--2026-06-12 04:27:31--  https://cdn.spacebilliard.com/easyio-gfont/s/opensans/v44/memvYaGs126MiZpBA-UvWbX2vVnXBbObj2OVTSCmu1aB.woff2
Reusing existing connection to cdn.spacebilliard.com:443.
HTTP request sent, awaiting response... 200 OK
Length: 16496 (16K) [font/woff2]
Saving to: ‘cdn.spacebilliard.com/easyio-gfont/s/opensans/v44/memvYaGs126MiZpBA-UvWbX2vVnXBbObj2OVTSCmu1aB.woff2’

     0K .......... ......                                     100% 11.6M=0.001s

2026-06-12 04:27:32 (11.6 MB/s) - ‘cdn.spacebilliard.com/easyio-gfont/s/opensans/v44/memvYaGs126MiZpBA-UvWbX2vVnXBbObj2OVTSCmu1aB.woff2’ saved [16496/16496]

--2026-06-12 04:27:32--  https://cdn.spacebilliard.com/easyio-gfont/s/opensans/v44/memvYaGs126MiZpBA-UvWbX2vVnXBbObj2OVTSGmu1aB.woff2
Reusing existing connection to cdn.spacebilliard.com:443.
HTTP request sent, awaiting response... 200 OK
Length: 35156 (34K) [font/woff2]
Saving to: ‘cdn.spacebilliard.com/easyio-gfont/s/opensans/v44/memvYaGs126MiZpBA-UvWbX2vVnXBbObj2OVTSGmu1aB.woff2’

     0K .......... .......... .......... ....                 100% 2.76M=0.01s

2026-06-12 04:27:32 (2.76 MB/s) - ‘cdn.spacebilliard.com/easyio-gfont/s/opensans/v44/memvYaGs126MiZpBA-UvWbX2vVnXBbObj2OVTSGmu1aB.woff2’ saved [35156/35156]

--2026-06-12 04:27:32--  https://cdn.spacebilliard.com/easyio-gfont/s/opensans/v44/memvYaGs126MiZpBA-UvWbX2vVnXBbObj2OVTS-muw.woff2
Reusing existing connection to cdn.spacebilliard.com:443.
HTTP request sent, awaiting response... 200 OK
Length: 48320 (47K) [font/woff2]
Saving to: ‘cdn.spacebilliard.com/easyio-gfont/s/opensans/v44/memvYaGs126MiZpBA-UvWbX2vVnXBbObj2OVTS-muw.woff2’

     0K .......... .......... .......... .......... .......   100% 9.81M=0.005s

2026-06-12 04:27:32 (9.81 MB/s) - ‘cdn.spacebilliard.com/easyio-gfont/s/opensans/v44/memvYaGs126MiZpBA-UvWbX2vVnXBbObj2OVTS-muw.woff2’ saved [48320/48320]

--2026-06-12 04:27:32--  https://cdn.spacebilliard.com/easyio-gfont/s/lato/v25/S6u-w4BMUTPHjxsIPx-mPCLC79U11vU.woff2
Reusing existing connection to cdn.spacebilliard.com:443.
HTTP request sent, awaiting response... 200 OK
Length: 2960 (2.9K) [font/woff2]
Saving to: ‘cdn.spacebilliard.com/easyio-gfont/s/lato/v25/S6u-w4BMUTPHjxsIPx-mPCLC79U11vU.woff2’

     0K ..                                                    100% 1.38G=0s

2026-06-12 04:27:32 (1.38 GB/s) - ‘cdn.spacebilliard.com/easyio-gfont/s/lato/v25/S6u-w4BMUTPHjxsIPx-mPCLC79U11vU.woff2’ saved [2960/2960]

--2026-06-12 04:27:32--  https://cdn.spacebilliard.com/easyio-gfont/s/lato/v25/S6u-w4BMUTPHjxsIPx-oPCLC79U1.woff2
Reusing existing connection to cdn.spacebilliard.com:443.
HTTP request sent, awaiting response... 200 OK
Length: 14104 (14K) [font/woff2]
Saving to: ‘cdn.spacebilliard.com/easyio-gfont/s/lato/v25/S6u-w4BMUTPHjxsIPx-oPCLC79U1.woff2’

     0K .......... ...                                        100% 4.38G=0s

2026-06-12 04:27:32 (4.38 GB/s) - ‘cdn.spacebilliard.com/easyio-gfont/s/lato/v25/S6u-w4BMUTPHjxsIPx-oPCLC79U1.woff2’ saved [14104/14104]

--2026-06-12 04:27:32--  https://cdn.spacebilliard.com/easyio-gfont/s/lato/v25/S6u_w4BMUTPHjxsI9w2_FQftx9897sxZ.woff2
Reusing existing connection to cdn.spacebilliard.com:443.
HTTP request sent, awaiting response... 200 OK
Length: 3056 (3.0K) [font/woff2]
Saving to: ‘cdn.spacebilliard.com/easyio-gfont/s/lato/v25/S6u_w4BMUTPHjxsI9w2_FQftx9897sxZ.woff2’

     0K ..                                                    100%  100M=0s

2026-06-12 04:27:32 (100 MB/s) - ‘cdn.spacebilliard.com/easyio-gfont/s/lato/v25/S6u_w4BMUTPHjxsI9w2_FQftx9897sxZ.woff2’ saved [3056/3056]

--2026-06-12 04:27:32--  https://cdn.spacebilliard.com/easyio-gfont/s/lato/v25/S6u_w4BMUTPHjxsI9w2_Gwftx9897g.woff2
Reusing existing connection to cdn.spacebilliard.com:443.
HTTP request sent, awaiting response... 200 OK
Length: 14752 (14K) [font/woff2]
Saving to: ‘cdn.spacebilliard.com/easyio-gfont/s/lato/v25/S6u_w4BMUTPHjxsI9w2_Gwftx9897g.woff2’

     0K .......... ....                                       100% 13.6M=0.001s

2026-06-12 04:27:32 (13.6 MB/s) - ‘cdn.spacebilliard.com/easyio-gfont/s/lato/v25/S6u_w4BMUTPHjxsI9w2_Gwftx9897g.woff2’ saved [14752/14752]

--2026-06-12 04:27:32--  https://cdn.spacebilliard.com/easyio-gfont/s/lato/v25/S6u8w4BMUTPHjxsAUi-qNiXg7eU0.woff2
Reusing existing connection to cdn.spacebilliard.com:443.
HTTP request sent, awaiting response... 200 OK
Length: 3068 (3.0K) [font/woff2]
Saving to: ‘cdn.spacebilliard.com/easyio-gfont/s/lato/v25/S6u8w4BMUTPHjxsAUi-qNiXg7eU0.woff2’

     0K ..                                                    100%  104M=0s

2026-06-12 04:27:32 (104 MB/s) - ‘cdn.spacebilliard.com/easyio-gfont/s/lato/v25/S6u8w4BMUTPHjxsAUi-qNiXg7eU0.woff2’ saved [3068/3068]

--2026-06-12 04:27:32--  https://cdn.spacebilliard.com/easyio-gfont/s/lato/v25/S6u8w4BMUTPHjxsAXC-qNiXg7Q.woff2
Reusing existing connection to cdn.spacebilliard.com:443.
HTTP request sent, awaiting response... 200 OK
Length: 14860 (15K) [font/woff2]
Saving to: ‘cdn.spacebilliard.com/easyio-gfont/s/lato/v25/S6u8w4BMUTPHjxsAXC-qNiXg7Q.woff2’

     0K .......... ....                                       100% 14.2M=0.001s

2026-06-12 04:27:32 (14.2 MB/s) - ‘cdn.spacebilliard.com/easyio-gfont/s/lato/v25/S6u8w4BMUTPHjxsAXC-qNiXg7Q.woff2’ saved [14860/14860]

--2026-06-12 04:27:32--  https://cdn.spacebilliard.com/easyio-gfont/s/lato/v25/S6u_w4BMUTPHjxsI5wq_FQftx9897sxZ.woff2
Reusing existing connection to cdn.spacebilliard.com:443.
HTTP request sent, awaiting response... 200 OK
Length: 3124 (3.1K) [font/woff2]
Saving to: ‘cdn.spacebilliard.com/easyio-gfont/s/lato/v25/S6u_w4BMUTPHjxsI5wq_FQftx9897sxZ.woff2’

     0K ...                                                   100% 20.8M=0s

2026-06-12 04:27:33 (20.8 MB/s) - ‘cdn.spacebilliard.com/easyio-gfont/s/lato/v25/S6u_w4BMUTPHjxsI5wq_FQftx9897sxZ.woff2’ saved [3124/3124]

--2026-06-12 04:27:33--  https://cdn.spacebilliard.com/easyio-gfont/s/lato/v25/S6u_w4BMUTPHjxsI5wq_Gwftx9897g.woff2
Reusing existing connection to cdn.spacebilliard.com:443.
HTTP request sent, awaiting response... 200 OK
Length: 14868 (15K) [font/woff2]
Saving to: ‘cdn.spacebilliard.com/easyio-gfont/s/lato/v25/S6u_w4BMUTPHjxsI5wq_Gwftx9897g.woff2’

     0K .......... ....                                       100% 11.6M=0.001s

2026-06-12 04:27:33 (11.6 MB/s) - ‘cdn.spacebilliard.com/easyio-gfont/s/lato/v25/S6u_w4BMUTPHjxsI5wq_Gwftx9897g.woff2’ saved [14868/14868]

--2026-06-12 04:27:33--  https://cdn.spacebilliard.com/easyio-gfont/s/lato/v25/S6u_w4BMUTPHjxsI3wi_FQftx9897sxZ.woff2
Reusing existing connection to cdn.spacebilliard.com:443.
HTTP request sent, awaiting response... 200 OK
Length: 3120 (3.0K) [font/woff2]
Saving to: ‘cdn.spacebilliard.com/easyio-gfont/s/lato/v25/S6u_w4BMUTPHjxsI3wi_FQftx9897sxZ.woff2’

     0K ...                                                   100% 24.0M=0s

2026-06-12 04:27:33 (24.0 MB/s) - ‘cdn.spacebilliard.com/easyio-gfont/s/lato/v25/S6u_w4BMUTPHjxsI3wi_FQftx9897sxZ.woff2’ saved [3120/3120]

--2026-06-12 04:27:33--  https://cdn.spacebilliard.com/easyio-gfont/s/lato/v25/S6u_w4BMUTPHjxsI3wi_Gwftx9897g.woff2
Reusing existing connection to cdn.spacebilliard.com:443.
HTTP request sent, awaiting response... 200 OK
Length: 14496 (14K) [font/woff2]
Saving to: ‘cdn.spacebilliard.com/easyio-gfont/s/lato/v25/S6u_w4BMUTPHjxsI3wi_Gwftx9897g.woff2’

     0K .......... ....                                       100%  191K=0.07s

2026-06-12 04:27:33 (191 KB/s) - ‘cdn.spacebilliard.com/easyio-gfont/s/lato/v25/S6u_w4BMUTPHjxsI3wi_Gwftx9897g.woff2’ saved [14496/14496]

--2026-06-12 04:27:33--  https://cdn.spacebilliard.com/easyio-gfont/s/lato/v25/S6u8w4BMUTPHh30AUi-qNiXg7eU0.woff2
Reusing existing connection to cdn.spacebilliard.com:443.
HTTP request sent, awaiting response... 200 OK
Length: 2884 (2.8K) [font/woff2]
Saving to: ‘cdn.spacebilliard.com/easyio-gfont/s/lato/v25/S6u8w4BMUTPHh30AUi-qNiXg7eU0.woff2’

     0K ..                                                    100% 75.6K=0.04s

2026-06-12 04:27:33 (75.6 KB/s) - ‘cdn.spacebilliard.com/easyio-gfont/s/lato/v25/S6u8w4BMUTPHh30AUi-qNiXg7eU0.woff2’ saved [2884/2884]

--2026-06-12 04:27:33--  https://cdn.spacebilliard.com/easyio-gfont/s/lato/v25/S6u8w4BMUTPHh30AXC-qNiXg7Q.woff2
Reusing existing connection to cdn.spacebilliard.com:443.
HTTP request sent, awaiting response... 200 OK
Length: 13284 (13K) [font/woff2]
Saving to: ‘cdn.spacebilliard.com/easyio-gfont/s/lato/v25/S6u8w4BMUTPHh30AXC-qNiXg7Q.woff2’

     0K .......... ..                                         100% 13.6M=0.001s

2026-06-12 04:27:33 (13.6 MB/s) - ‘cdn.spacebilliard.com/easyio-gfont/s/lato/v25/S6u8w4BMUTPHh30AXC-qNiXg7Q.woff2’ saved [13284/13284]

--2026-06-12 04:27:33--  https://cdn.spacebilliard.com/easyio-gfont/s/lato/v25/S6u9w4BMUTPHh7USSwaPGQ3q5d0N7w.woff2
Reusing existing connection to cdn.spacebilliard.com:443.
HTTP request sent, awaiting response... 200 OK
Length: 2988 (2.9K) [font/woff2]
Saving to: ‘cdn.spacebilliard.com/easyio-gfont/s/lato/v25/S6u9w4BMUTPHh7USSwaPGQ3q5d0N7w.woff2’

     0K ..                                                    100% 32.4M=0s

2026-06-12 04:27:33 (32.4 MB/s) - ‘cdn.spacebilliard.com/easyio-gfont/s/lato/v25/S6u9w4BMUTPHh7USSwaPGQ3q5d0N7w.woff2’ saved [2988/2988]

--2026-06-12 04:27:33--  https://cdn.spacebilliard.com/easyio-gfont/s/lato/v25/S6u9w4BMUTPHh7USSwiPGQ3q5d0.woff2
Reusing existing connection to cdn.spacebilliard.com:443.
HTTP request sent, awaiting response... 200 OK
Length: 13912 (14K) [font/woff2]
Saving to: ‘cdn.spacebilliard.com/easyio-gfont/s/lato/v25/S6u9w4BMUTPHh7USSwiPGQ3q5d0.woff2’

     0K .......... ...                                        100% 75.4M=0s

2026-06-12 04:27:34 (75.4 MB/s) - ‘cdn.spacebilliard.com/easyio-gfont/s/lato/v25/S6u9w4BMUTPHh7USSwiPGQ3q5d0.woff2’ saved [13912/13912]

--2026-06-12 04:27:34--  https://cdn.spacebilliard.com/easyio-gfont/s/lato/v25/S6uyw4BMUTPHjxAwXiWtFCfQ7A.woff2
Reusing existing connection to cdn.spacebilliard.com:443.
HTTP request sent, awaiting response... 200 OK
Length: 2988 (2.9K) [font/woff2]
Saving to: ‘cdn.spacebilliard.com/easyio-gfont/s/lato/v25/S6uyw4BMUTPHjxAwXiWtFCfQ7A.woff2’

     0K ..                                                    100% 12.2M=0s

2026-06-12 04:27:34 (12.2 MB/s) - ‘cdn.spacebilliard.com/easyio-gfont/s/lato/v25/S6uyw4BMUTPHjxAwXiWtFCfQ7A.woff2’ saved [2988/2988]

--2026-06-12 04:27:34--  https://cdn.spacebilliard.com/easyio-gfont/s/lato/v25/S6uyw4BMUTPHjx4wXiWtFCc.woff2
Reusing existing connection to cdn.spacebilliard.com:443.
HTTP request sent, awaiting response... 200 OK
Length: 13980 (14K) [font/woff2]
Saving to: ‘cdn.spacebilliard.com/easyio-gfont/s/lato/v25/S6uyw4BMUTPHjx4wXiWtFCc.woff2’

     0K .......... ...                                        100% 34.7M=0s

2026-06-12 04:27:34 (34.7 MB/s) - ‘cdn.spacebilliard.com/easyio-gfont/s/lato/v25/S6uyw4BMUTPHjx4wXiWtFCc.woff2’ saved [13980/13980]

--2026-06-12 04:27:34--  https://cdn.spacebilliard.com/easyio-gfont/s/lato/v25/S6u9w4BMUTPHh6UVSwaPGQ3q5d0N7w.woff2
Reusing existing connection to cdn.spacebilliard.com:443.
HTTP request sent, awaiting response... 200 OK
Length: 3028 (3.0K) [font/woff2]
Saving to: ‘cdn.spacebilliard.com/easyio-gfont/s/lato/v25/S6u9w4BMUTPHh6UVSwaPGQ3q5d0N7w.woff2’

     0K ..                                                    100% 11.5M=0s

2026-06-12 04:27:34 (11.5 MB/s) - ‘cdn.spacebilliard.com/easyio-gfont/s/lato/v25/S6u9w4BMUTPHh6UVSwaPGQ3q5d0N7w.woff2’ saved [3028/3028]

--2026-06-12 04:27:34--  https://cdn.spacebilliard.com/easyio-gfont/s/lato/v25/S6u9w4BMUTPHh6UVSwiPGQ3q5d0.woff2
Reusing existing connection to cdn.spacebilliard.com:443.
HTTP request sent, awaiting response... 200 OK
Length: 14168 (14K) [font/woff2]
Saving to: ‘cdn.spacebilliard.com/easyio-gfont/s/lato/v25/S6u9w4BMUTPHh6UVSwiPGQ3q5d0.woff2’

     0K .......... ...                                        100% 13.2G=0s

2026-06-12 04:27:34 (13.2 GB/s) - ‘cdn.spacebilliard.com/easyio-gfont/s/lato/v25/S6u9w4BMUTPHh6UVSwiPGQ3q5d0.woff2’ saved [14168/14168]

--2026-06-12 04:27:34--  https://cdn.spacebilliard.com/easyio-gfont/s/lato/v25/S6u9w4BMUTPHh50XSwaPGQ3q5d0N7w.woff2
Reusing existing connection to cdn.spacebilliard.com:443.
HTTP request sent, awaiting response... 200 OK
Length: 3060 (3.0K) [font/woff2]
Saving to: ‘cdn.spacebilliard.com/easyio-gfont/s/lato/v25/S6u9w4BMUTPHh50XSwaPGQ3q5d0N7w.woff2’

     0K ..                                                    100% 15.1M=0s

2026-06-12 04:27:34 (15.1 MB/s) - ‘cdn.spacebilliard.com/easyio-gfont/s/lato/v25/S6u9w4BMUTPHh50XSwaPGQ3q5d0N7w.woff2’ saved [3060/3060]

--2026-06-12 04:27:34--  https://cdn.spacebilliard.com/easyio-gfont/s/lato/v25/S6u9w4BMUTPHh50XSwiPGQ3q5d0.woff2
Reusing existing connection to cdn.spacebilliard.com:443.
HTTP request sent, awaiting response... 200 OK
Length: 13724 (13K) [font/woff2]
Saving to: ‘cdn.spacebilliard.com/easyio-gfont/s/lato/v25/S6u9w4BMUTPHh50XSwiPGQ3q5d0.woff2’

     0K .......... ...                                        100% 46.2M=0s

2026-06-12 04:27:34 (46.2 MB/s) - ‘cdn.spacebilliard.com/easyio-gfont/s/lato/v25/S6u9w4BMUTPHh50XSwiPGQ3q5d0.woff2’ saved [13724/13724]

--2026-06-12 04:27:34--  https://cdn.spacebilliard.com/easyio-gfont/s/poppins/v24/pxiAyp8kv8JHgFVrJJLmE0tDMPKhSkFEkm8.woff2
Reusing existing connection to cdn.spacebilliard.com:443.
HTTP request sent, awaiting response... 200 OK
Length: 42168 (41K) [font/woff2]
Saving to: ‘cdn.spacebilliard.com/easyio-gfont/s/poppins/v24/pxiAyp8kv8JHgFVrJJLmE0tDMPKhSkFEkm8.woff2’

     0K .......... .......... .......... .......... .         100% 17.6M=0.002s

2026-06-12 04:27:34 (17.6 MB/s) - ‘cdn.spacebilliard.com/easyio-gfont/s/poppins/v24/pxiAyp8kv8JHgFVrJJLmE0tDMPKhSkFEkm8.woff2’ saved [42168/42168]

--2026-06-12 04:27:34--  https://cdn.spacebilliard.com/easyio-gfont/s/poppins/v24/pxiAyp8kv8JHgFVrJJLmE0tMMPKhSkFEkm8.woff2
Reusing existing connection to cdn.spacebilliard.com:443.
HTTP request sent, awaiting response... 200 OK
Length: 5708 (5.6K) [font/woff2]
Saving to: ‘cdn.spacebilliard.com/easyio-gfont/s/poppins/v24/pxiAyp8kv8JHgFVrJJLmE0tMMPKhSkFEkm8.woff2’

     0K .....                                                 100% 42.5M=0s

2026-06-12 04:27:34 (42.5 MB/s) - ‘cdn.spacebilliard.com/easyio-gfont/s/poppins/v24/pxiAyp8kv8JHgFVrJJLmE0tMMPKhSkFEkm8.woff2’ saved [5708/5708]

--2026-06-12 04:27:34--  https://cdn.spacebilliard.com/easyio-gfont/s/poppins/v24/pxiAyp8kv8JHgFVrJJLmE0tCMPKhSkFE.woff2
Reusing existing connection to cdn.spacebilliard.com:443.
HTTP request sent, awaiting response... 200 OK
Length: 8408 (8.2K) [font/woff2]
Saving to: ‘cdn.spacebilliard.com/easyio-gfont/s/poppins/v24/pxiAyp8kv8JHgFVrJJLmE0tCMPKhSkFE.woff2’

     0K ........                                              100% 85.3M=0s

2026-06-12 04:27:35 (85.3 MB/s) - ‘cdn.spacebilliard.com/easyio-gfont/s/poppins/v24/pxiAyp8kv8JHgFVrJJLmE0tCMPKhSkFE.woff2’ saved [8408/8408]

--2026-06-12 04:27:35--  https://cdn.spacebilliard.com/easyio-gfont/s/poppins/v24/pxiDyp8kv8JHgFVrJJLmv1pVFteOYktMqlap.woff2
Reusing existing connection to cdn.spacebilliard.com:443.
HTTP request sent, awaiting response... 200 OK
Length: 45272 (44K) [font/woff2]
Saving to: ‘cdn.spacebilliard.com/easyio-gfont/s/poppins/v24/pxiDyp8kv8JHgFVrJJLmv1pVFteOYktMqlap.woff2’

     0K .......... .......... .......... .......... ....      100% 7.62M=0.006s

2026-06-12 04:27:35 (7.62 MB/s) - ‘cdn.spacebilliard.com/easyio-gfont/s/poppins/v24/pxiDyp8kv8JHgFVrJJLmv1pVFteOYktMqlap.woff2’ saved [45272/45272]

--2026-06-12 04:27:35--  https://cdn.spacebilliard.com/easyio-gfont/s/poppins/v24/pxiDyp8kv8JHgFVrJJLmv1pVGdeOYktMqlap.woff2
Reusing existing connection to cdn.spacebilliard.com:443.
HTTP request sent, awaiting response... 200 OK
Length: 5932 (5.8K) [font/woff2]
Saving to: ‘cdn.spacebilliard.com/easyio-gfont/s/poppins/v24/pxiDyp8kv8JHgFVrJJLmv1pVGdeOYktMqlap.woff2’

     0K .....                                                 100% 27.6M=0s

2026-06-12 04:27:35 (27.6 MB/s) - ‘cdn.spacebilliard.com/easyio-gfont/s/poppins/v24/pxiDyp8kv8JHgFVrJJLmv1pVGdeOYktMqlap.woff2’ saved [5932/5932]

--2026-06-12 04:27:35--  https://cdn.spacebilliard.com/easyio-gfont/s/poppins/v24/pxiDyp8kv8JHgFVrJJLmv1pVF9eOYktMqg.woff2
Reusing existing connection to cdn.spacebilliard.com:443.
HTTP request sent, awaiting response... 200 OK
Length: 8716 (8.5K) [font/woff2]
Saving to: ‘cdn.spacebilliard.com/easyio-gfont/s/poppins/v24/pxiDyp8kv8JHgFVrJJLmv1pVF9eOYktMqg.woff2’

     0K ........                                              100% 13.9M=0.001s

2026-06-12 04:27:35 (13.9 MB/s) - ‘cdn.spacebilliard.com/easyio-gfont/s/poppins/v24/pxiDyp8kv8JHgFVrJJLmv1pVF9eOYktMqg.woff2’ saved [8716/8716]

--2026-06-12 04:27:35--  https://cdn.spacebilliard.com/easyio-gfont/s/poppins/v24/pxiDyp8kv8JHgFVrJJLm21lVFteOYktMqlap.woff2
Reusing existing connection to cdn.spacebilliard.com:443.
HTTP request sent, awaiting response... 200 OK
Length: 45756 (45K) [font/woff2]
Saving to: ‘cdn.spacebilliard.com/easyio-gfont/s/poppins/v24/pxiDyp8kv8JHgFVrJJLm21lVFteOYktMqlap.woff2’

     0K .......... .......... .......... .......... ....      100% 27.5M=0.002s

2026-06-12 04:27:35 (27.5 MB/s) - ‘cdn.spacebilliard.com/easyio-gfont/s/poppins/v24/pxiDyp8kv8JHgFVrJJLm21lVFteOYktMqlap.woff2’ saved [45756/45756]

--2026-06-12 04:27:35--  https://cdn.spacebilliard.com/easyio-gfont/s/poppins/v24/pxiDyp8kv8JHgFVrJJLm21lVGdeOYktMqlap.woff2
Reusing existing connection to cdn.spacebilliard.com:443.
HTTP request sent, awaiting response... 200 OK
Length: 6008 (5.9K) [font/woff2]
Saving to: ‘cdn.spacebilliard.com/easyio-gfont/s/poppins/v24/pxiDyp8kv8JHgFVrJJLm21lVGdeOYktMqlap.woff2’

     0K .....                                                 100% 35.6M=0s

2026-06-12 04:27:35 (35.6 MB/s) - ‘cdn.spacebilliard.com/easyio-gfont/s/poppins/v24/pxiDyp8kv8JHgFVrJJLm21lVGdeOYktMqlap.woff2’ saved [6008/6008]

--2026-06-12 04:27:35--  https://cdn.spacebilliard.com/easyio-gfont/s/poppins/v24/pxiDyp8kv8JHgFVrJJLm21lVF9eOYktMqg.woff2
Reusing existing connection to cdn.spacebilliard.com:443.
HTTP request sent, awaiting response... 200 OK
Length: 8708 (8.5K) [font/woff2]
Saving to: ‘cdn.spacebilliard.com/easyio-gfont/s/poppins/v24/pxiDyp8kv8JHgFVrJJLm21lVF9eOYktMqg.woff2’

     0K ........                                              100% 4.05G=0s

2026-06-12 04:27:35 (4.05 GB/s) - ‘cdn.spacebilliard.com/easyio-gfont/s/poppins/v24/pxiDyp8kv8JHgFVrJJLm21lVF9eOYktMqg.woff2’ saved [8708/8708]

--2026-06-12 04:27:35--  https://cdn.spacebilliard.com/easyio-gfont/s/poppins/v24/pxiGyp8kv8JHgFVrJJLucXtAOvWDSHFF.woff2
Reusing existing connection to cdn.spacebilliard.com:443.
HTTP request sent, awaiting response... 200 OK
Length: 45900 (45K) [font/woff2]
Saving to: ‘cdn.spacebilliard.com/easyio-gfont/s/poppins/v24/pxiGyp8kv8JHgFVrJJLucXtAOvWDSHFF.woff2’

     0K .......... .......... .......... .......... ....      100% 19.4M=0.002s

2026-06-12 04:27:35 (19.4 MB/s) - ‘cdn.spacebilliard.com/easyio-gfont/s/poppins/v24/pxiGyp8kv8JHgFVrJJLucXtAOvWDSHFF.woff2’ saved [45900/45900]

--2026-06-12 04:27:35--  https://cdn.spacebilliard.com/easyio-gfont/s/poppins/v24/pxiGyp8kv8JHgFVrJJLufntAOvWDSHFF.woff2
Reusing existing connection to cdn.spacebilliard.com:443.
HTTP request sent, awaiting response... 200 OK
Length: 6012 (5.9K) [font/woff2]
Saving to: ‘cdn.spacebilliard.com/easyio-gfont/s/poppins/v24/pxiGyp8kv8JHgFVrJJLufntAOvWDSHFF.woff2’

     0K .....                                                 100% 22.8M=0s

2026-06-12 04:27:36 (22.8 MB/s) - ‘cdn.spacebilliard.com/easyio-gfont/s/poppins/v24/pxiGyp8kv8JHgFVrJJLufntAOvWDSHFF.woff2’ saved [6012/6012]

--2026-06-12 04:27:36--  https://cdn.spacebilliard.com/easyio-gfont/s/poppins/v24/pxiGyp8kv8JHgFVrJJLucHtAOvWDSA.woff2
Reusing existing connection to cdn.spacebilliard.com:443.
HTTP request sent, awaiting response... 200 OK
Length: 8676 (8.5K) [font/woff2]
Saving to: ‘cdn.spacebilliard.com/easyio-gfont/s/poppins/v24/pxiGyp8kv8JHgFVrJJLucHtAOvWDSA.woff2’

     0K ........                                              100%  159M=0s

2026-06-12 04:27:36 (159 MB/s) - ‘cdn.spacebilliard.com/easyio-gfont/s/poppins/v24/pxiGyp8kv8JHgFVrJJLucHtAOvWDSA.woff2’ saved [8676/8676]

--2026-06-12 04:27:36--  https://cdn.spacebilliard.com/easyio-gfont/s/poppins/v24/pxiDyp8kv8JHgFVrJJLmg1hVFteOYktMqlap.woff2
Reusing existing connection to cdn.spacebilliard.com:443.
HTTP request sent, awaiting response... 200 OK
Length: 45004 (44K) [font/woff2]
Saving to: ‘cdn.spacebilliard.com/easyio-gfont/s/poppins/v24/pxiDyp8kv8JHgFVrJJLmg1hVFteOYktMqlap.woff2’

     0K .......... .......... .......... .......... ...       100% 9.95M=0.004s

2026-06-12 04:27:36 (9.95 MB/s) - ‘cdn.spacebilliard.com/easyio-gfont/s/poppins/v24/pxiDyp8kv8JHgFVrJJLmg1hVFteOYktMqlap.woff2’ saved [45004/45004]

--2026-06-12 04:27:36--  https://cdn.spacebilliard.com/easyio-gfont/s/poppins/v24/pxiDyp8kv8JHgFVrJJLmg1hVGdeOYktMqlap.woff2
Reusing existing connection to cdn.spacebilliard.com:443.
HTTP request sent, awaiting response... 200 OK
Length: 5872 (5.7K) [font/woff2]
Saving to: ‘cdn.spacebilliard.com/easyio-gfont/s/poppins/v24/pxiDyp8kv8JHgFVrJJLmg1hVGdeOYktMqlap.woff2’

     0K .....                                                 100%  127M=0s

2026-06-12 04:27:36 (127 MB/s) - ‘cdn.spacebilliard.com/easyio-gfont/s/poppins/v24/pxiDyp8kv8JHgFVrJJLmg1hVGdeOYktMqlap.woff2’ saved [5872/5872]

--2026-06-12 04:27:36--  https://cdn.spacebilliard.com/easyio-gfont/s/poppins/v24/pxiDyp8kv8JHgFVrJJLmg1hVF9eOYktMqg.woff2
Reusing existing connection to cdn.spacebilliard.com:443.
HTTP request sent, awaiting response... 200 OK
Length: 8516 (8.3K) [font/woff2]
Saving to: ‘cdn.spacebilliard.com/easyio-gfont/s/poppins/v24/pxiDyp8kv8JHgFVrJJLmg1hVF9eOYktMqg.woff2’

     0K ........                                              100% 22.1M=0s

2026-06-12 04:27:36 (22.1 MB/s) - ‘cdn.spacebilliard.com/easyio-gfont/s/poppins/v24/pxiDyp8kv8JHgFVrJJLmg1hVF9eOYktMqg.woff2’ saved [8516/8516]

--2026-06-12 04:27:36--  https://cdn.spacebilliard.com/easyio-gfont/s/poppins/v24/pxiDyp8kv8JHgFVrJJLmr19VFteOYktMqlap.woff2
Reusing existing connection to cdn.spacebilliard.com:443.
HTTP request sent, awaiting response... 200 OK
Length: 45680 (45K) [font/woff2]
Saving to: ‘cdn.spacebilliard.com/easyio-gfont/s/poppins/v24/pxiDyp8kv8JHgFVrJJLmr19VFteOYktMqlap.woff2’

     0K .......... .......... .......... .......... ....      100% 16.6M=0.003s

2026-06-12 04:27:36 (16.6 MB/s) - ‘cdn.spacebilliard.com/easyio-gfont/s/poppins/v24/pxiDyp8kv8JHgFVrJJLmr19VFteOYktMqlap.woff2’ saved [45680/45680]

--2026-06-12 04:27:36--  https://cdn.spacebilliard.com/easyio-gfont/s/poppins/v24/pxiDyp8kv8JHgFVrJJLmr19VGdeOYktMqlap.woff2
Reusing existing connection to cdn.spacebilliard.com:443.
HTTP request sent, awaiting response... 200 OK
Length: 6012 (5.9K) [font/woff2]
Saving to: ‘cdn.spacebilliard.com/easyio-gfont/s/poppins/v24/pxiDyp8kv8JHgFVrJJLmr19VGdeOYktMqlap.woff2’

     0K .....                                                 100% 2.80G=0s

2026-06-12 04:27:36 (2.80 GB/s) - ‘cdn.spacebilliard.com/easyio-gfont/s/poppins/v24/pxiDyp8kv8JHgFVrJJLmr19VGdeOYktMqlap.woff2’ saved [6012/6012]

--2026-06-12 04:27:36--  https://cdn.spacebilliard.com/easyio-gfont/s/poppins/v24/pxiDyp8kv8JHgFVrJJLmr19VF9eOYktMqg.woff2
Reusing existing connection to cdn.spacebilliard.com:443.
HTTP request sent, awaiting response... 200 OK
Length: 8740 (8.5K) [font/woff2]
Saving to: ‘cdn.spacebilliard.com/easyio-gfont/s/poppins/v24/pxiDyp8kv8JHgFVrJJLmr19VF9eOYktMqg.woff2’

     0K ........                                              100% 4.07G=0s

2026-06-12 04:27:36 (4.07 GB/s) - ‘cdn.spacebilliard.com/easyio-gfont/s/poppins/v24/pxiDyp8kv8JHgFVrJJLmr19VF9eOYktMqg.woff2’ saved [8740/8740]

--2026-06-12 04:27:36--  https://cdn.spacebilliard.com/easyio-gfont/s/poppins/v24/pxiDyp8kv8JHgFVrJJLmy15VFteOYktMqlap.woff2
Reusing existing connection to cdn.spacebilliard.com:443.
HTTP request sent, awaiting response... 200 OK
Length: 45056 (44K) [font/woff2]
Saving to: ‘cdn.spacebilliard.com/easyio-gfont/s/poppins/v24/pxiDyp8kv8JHgFVrJJLmy15VFteOYktMqlap.woff2’

     0K .......... .......... .......... .......... ....      100% 18.9M=0.002s

2026-06-12 04:27:36 (18.9 MB/s) - ‘cdn.spacebilliard.com/easyio-gfont/s/poppins/v24/pxiDyp8kv8JHgFVrJJLmy15VFteOYktMqlap.woff2’ saved [45056/45056]

--2026-06-12 04:27:36--  https://cdn.spacebilliard.com/easyio-gfont/s/poppins/v24/pxiDyp8kv8JHgFVrJJLmy15VGdeOYktMqlap.woff2
Reusing existing connection to cdn.spacebilliard.com:443.
HTTP request sent, awaiting response... 200 OK
Length: 5912 (5.8K) [font/woff2]
Saving to: ‘cdn.spacebilliard.com/easyio-gfont/s/poppins/v24/pxiDyp8kv8JHgFVrJJLmy15VGdeOYktMqlap.woff2’

     0K .....                                                 100% 17.3M=0s

2026-06-12 04:27:37 (17.3 MB/s) - ‘cdn.spacebilliard.com/easyio-gfont/s/poppins/v24/pxiDyp8kv8JHgFVrJJLmy15VGdeOYktMqlap.woff2’ saved [5912/5912]

--2026-06-12 04:27:37--  https://cdn.spacebilliard.com/easyio-gfont/s/poppins/v24/pxiDyp8kv8JHgFVrJJLmy15VF9eOYktMqg.woff2
Reusing existing connection to cdn.spacebilliard.com:443.
HTTP request sent, awaiting response... 200 OK
Length: 8628 (8.4K) [font/woff2]
Saving to: ‘cdn.spacebilliard.com/easyio-gfont/s/poppins/v24/pxiDyp8kv8JHgFVrJJLmy15VF9eOYktMqg.woff2’

     0K ........                                              100% 2.68G=0s

2026-06-12 04:27:37 (2.68 GB/s) - ‘cdn.spacebilliard.com/easyio-gfont/s/poppins/v24/pxiDyp8kv8JHgFVrJJLmy15VF9eOYktMqg.woff2’ saved [8628/8628]

--2026-06-12 04:27:37--  https://cdn.spacebilliard.com/easyio-gfont/s/poppins/v24/pxiDyp8kv8JHgFVrJJLm111VFteOYktMqlap.woff2
Reusing existing connection to cdn.spacebilliard.com:443.
HTTP request sent, awaiting response... 200 OK
Length: 44712 (44K) [font/woff2]
Saving to: ‘cdn.spacebilliard.com/easyio-gfont/s/poppins/v24/pxiDyp8kv8JHgFVrJJLm111VFteOYktMqlap.woff2’

     0K .......... .......... .......... .......... ...       100% 10.3M=0.004s

2026-06-12 04:27:37 (10.3 MB/s) - ‘cdn.spacebilliard.com/easyio-gfont/s/poppins/v24/pxiDyp8kv8JHgFVrJJLm111VFteOYktMqlap.woff2’ saved [44712/44712]

--2026-06-12 04:27:37--  https://cdn.spacebilliard.com/easyio-gfont/s/poppins/v24/pxiDyp8kv8JHgFVrJJLm111VGdeOYktMqlap.woff2
Reusing existing connection to cdn.spacebilliard.com:443.
HTTP request sent, awaiting response... 200 OK
Length: 5956 (5.8K) [font/woff2]
Saving to: ‘cdn.spacebilliard.com/easyio-gfont/s/poppins/v24/pxiDyp8kv8JHgFVrJJLm111VGdeOYktMqlap.woff2’

     0K .....                                                 100% 27.0M=0s

2026-06-12 04:27:37 (27.0 MB/s) - ‘cdn.spacebilliard.com/easyio-gfont/s/poppins/v24/pxiDyp8kv8JHgFVrJJLm111VGdeOYktMqlap.woff2’ saved [5956/5956]

--2026-06-12 04:27:37--  https://cdn.spacebilliard.com/easyio-gfont/s/poppins/v24/pxiDyp8kv8JHgFVrJJLm111VF9eOYktMqg.woff2
Reusing existing connection to cdn.spacebilliard.com:443.
HTTP request sent, awaiting response... 200 OK
Length: 8668 (8.5K) [font/woff2]
Saving to: ‘cdn.spacebilliard.com/easyio-gfont/s/poppins/v24/pxiDyp8kv8JHgFVrJJLm111VF9eOYktMqg.woff2’

     0K ........                                              100% 11.1M=0.001s

2026-06-12 04:27:37 (11.1 MB/s) - ‘cdn.spacebilliard.com/easyio-gfont/s/poppins/v24/pxiDyp8kv8JHgFVrJJLm111VF9eOYktMqg.woff2’ saved [8668/8668]

--2026-06-12 04:27:37--  https://cdn.spacebilliard.com/easyio-gfont/s/poppins/v24/pxiDyp8kv8JHgFVrJJLm81xVFteOYktMqlap.woff2
Reusing existing connection to cdn.spacebilliard.com:443.
HTTP request sent, awaiting response... 200 OK
Length: 41896 (41K) [font/woff2]
Saving to: ‘cdn.spacebilliard.com/easyio-gfont/s/poppins/v24/pxiDyp8kv8JHgFVrJJLm81xVFteOYktMqlap.woff2’

     0K .......... .......... .......... ..........           100% 22.1M=0.002s

2026-06-12 04:27:37 (22.1 MB/s) - ‘cdn.spacebilliard.com/easyio-gfont/s/poppins/v24/pxiDyp8kv8JHgFVrJJLm81xVFteOYktMqlap.woff2’ saved [41896/41896]

--2026-06-12 04:27:37--  https://cdn.spacebilliard.com/easyio-gfont/s/poppins/v24/pxiDyp8kv8JHgFVrJJLm81xVGdeOYktMqlap.woff2
Reusing existing connection to cdn.spacebilliard.com:443.
HTTP request sent, awaiting response... 200 OK
Length: 5728 (5.6K) [font/woff2]
Saving to: ‘cdn.spacebilliard.com/easyio-gfont/s/poppins/v24/pxiDyp8kv8JHgFVrJJLm81xVGdeOYktMqlap.woff2’

     0K .....                                                 100% 25.9M=0s

2026-06-12 04:27:37 (25.9 MB/s) - ‘cdn.spacebilliard.com/easyio-gfont/s/poppins/v24/pxiDyp8kv8JHgFVrJJLm81xVGdeOYktMqlap.woff2’ saved [5728/5728]

--2026-06-12 04:27:37--  https://cdn.spacebilliard.com/easyio-gfont/s/poppins/v24/pxiDyp8kv8JHgFVrJJLm81xVF9eOYktMqg.woff2
Reusing existing connection to cdn.spacebilliard.com:443.
HTTP request sent, awaiting response... 200 OK
Length: 8472 (8.3K) [font/woff2]
Saving to: ‘cdn.spacebilliard.com/easyio-gfont/s/poppins/v24/pxiDyp8kv8JHgFVrJJLm81xVF9eOYktMqg.woff2’

     0K ........                                              100%  299M=0s

2026-06-12 04:27:37 (299 MB/s) - ‘cdn.spacebilliard.com/easyio-gfont/s/poppins/v24/pxiDyp8kv8JHgFVrJJLm81xVF9eOYktMqg.woff2’ saved [8472/8472]

--2026-06-12 04:27:37--  https://cdn.spacebilliard.com/easyio-gfont/s/poppins/v24/pxiGyp8kv8JHgFVrLPTucXtAOvWDSHFF.woff2
Reusing existing connection to cdn.spacebilliard.com:443.
HTTP request sent, awaiting response... 200 OK
Length: 36020 (35K) [font/woff2]
Saving to: ‘cdn.spacebilliard.com/easyio-gfont/s/poppins/v24/pxiGyp8kv8JHgFVrLPTucXtAOvWDSHFF.woff2’

     0K .......... .......... .......... .....                100% 3.80M=0.009s

2026-06-12 04:27:38 (3.80 MB/s) - ‘cdn.spacebilliard.com/easyio-gfont/s/poppins/v24/pxiGyp8kv8JHgFVrLPTucXtAOvWDSHFF.woff2’ saved [36020/36020]

--2026-06-12 04:27:38--  https://cdn.spacebilliard.com/easyio-gfont/s/poppins/v24/pxiGyp8kv8JHgFVrLPTufntAOvWDSHFF.woff2
Reusing existing connection to cdn.spacebilliard.com:443.
HTTP request sent, awaiting response... 200 OK
Length: 5296 (5.2K) [font/woff2]
Saving to: ‘cdn.spacebilliard.com/easyio-gfont/s/poppins/v24/pxiGyp8kv8JHgFVrLPTufntAOvWDSHFF.woff2’

     0K .....                                                 100% 9.85M=0.001s

2026-06-12 04:27:38 (9.85 MB/s) - ‘cdn.spacebilliard.com/easyio-gfont/s/poppins/v24/pxiGyp8kv8JHgFVrLPTufntAOvWDSHFF.woff2’ saved [5296/5296]

--2026-06-12 04:27:38--  https://cdn.spacebilliard.com/easyio-gfont/s/poppins/v24/pxiGyp8kv8JHgFVrLPTucHtAOvWDSA.woff2
Reusing existing connection to cdn.spacebilliard.com:443.
HTTP request sent, awaiting response... 200 OK
Length: 7496 (7.3K) [font/woff2]
Saving to: ‘cdn.spacebilliard.com/easyio-gfont/s/poppins/v24/pxiGyp8kv8JHgFVrLPTucHtAOvWDSA.woff2’

     0K .......                                               100%  155M=0s

2026-06-12 04:27:38 (155 MB/s) - ‘cdn.spacebilliard.com/easyio-gfont/s/poppins/v24/pxiGyp8kv8JHgFVrLPTucHtAOvWDSA.woff2’ saved [7496/7496]

--2026-06-12 04:27:38--  https://cdn.spacebilliard.com/easyio-gfont/s/poppins/v24/pxiByp8kv8JHgFVrLFj_Z11lFd2JQEl8qw.woff2
Reusing existing connection to cdn.spacebilliard.com:443.
HTTP request sent, awaiting response... 200 OK
Length: 39176 (38K) [font/woff2]
Saving to: ‘cdn.spacebilliard.com/easyio-gfont/s/poppins/v24/pxiByp8kv8JHgFVrLFj_Z11lFd2JQEl8qw.woff2’

     0K .......... .......... .......... ........             100% 9.15M=0.004s

2026-06-12 04:27:38 (9.15 MB/s) - ‘cdn.spacebilliard.com/easyio-gfont/s/poppins/v24/pxiByp8kv8JHgFVrLFj_Z11lFd2JQEl8qw.woff2’ saved [39176/39176]

--2026-06-12 04:27:38--  https://cdn.spacebilliard.com/easyio-gfont/s/poppins/v24/pxiByp8kv8JHgFVrLFj_Z1JlFd2JQEl8qw.woff2
Reusing existing connection to cdn.spacebilliard.com:443.
HTTP request sent, awaiting response... 200 OK
Length: 5532 (5.4K) [font/woff2]
Saving to: ‘cdn.spacebilliard.com/easyio-gfont/s/poppins/v24/pxiByp8kv8JHgFVrLFj_Z1JlFd2JQEl8qw.woff2’

     0K .....                                                 100%  129M=0s

2026-06-12 04:27:38 (129 MB/s) - ‘cdn.spacebilliard.com/easyio-gfont/s/poppins/v24/pxiByp8kv8JHgFVrLFj_Z1JlFd2JQEl8qw.woff2’ saved [5532/5532]

--2026-06-12 04:27:38--  https://cdn.spacebilliard.com/easyio-gfont/s/poppins/v24/pxiByp8kv8JHgFVrLFj_Z1xlFd2JQEk.woff2
Reusing existing connection to cdn.spacebilliard.com:443.
HTTP request sent, awaiting response... 200 OK
Length: 7896 (7.7K) [font/woff2]
Saving to: ‘cdn.spacebilliard.com/easyio-gfont/s/poppins/v24/pxiByp8kv8JHgFVrLFj_Z1xlFd2JQEk.woff2’

     0K .......                                               100%  215M=0s

2026-06-12 04:27:38 (215 MB/s) - ‘cdn.spacebilliard.com/easyio-gfont/s/poppins/v24/pxiByp8kv8JHgFVrLFj_Z1xlFd2JQEk.woff2’ saved [7896/7896]

--2026-06-12 04:27:38--  https://cdn.spacebilliard.com/easyio-gfont/s/poppins/v24/pxiByp8kv8JHgFVrLDz8Z11lFd2JQEl8qw.woff2
Reusing existing connection to cdn.spacebilliard.com:443.
HTTP request sent, awaiting response... 200 OK
Length: 39416 (38K) [font/woff2]
Saving to: ‘cdn.spacebilliard.com/easyio-gfont/s/poppins/v24/pxiByp8kv8JHgFVrLDz8Z11lFd2JQEl8qw.woff2’

     0K .......... .......... .......... ........             100% 11.1M=0.003s

2026-06-12 04:27:38 (11.1 MB/s) - ‘cdn.spacebilliard.com/easyio-gfont/s/poppins/v24/pxiByp8kv8JHgFVrLDz8Z11lFd2JQEl8qw.woff2’ saved [39416/39416]

--2026-06-12 04:27:38--  https://cdn.spacebilliard.com/easyio-gfont/s/poppins/v24/pxiByp8kv8JHgFVrLDz8Z1JlFd2JQEl8qw.woff2
Reusing existing connection to cdn.spacebilliard.com:443.
HTTP request sent, awaiting response... 200 OK
Length: 5540 (5.4K) [font/woff2]
Saving to: ‘cdn.spacebilliard.com/easyio-gfont/s/poppins/v24/pxiByp8kv8JHgFVrLDz8Z1JlFd2JQEl8qw.woff2’

     0K .....                                                 100%  104M=0s

2026-06-12 04:27:38 (104 MB/s) - ‘cdn.spacebilliard.com/easyio-gfont/s/poppins/v24/pxiByp8kv8JHgFVrLDz8Z1JlFd2JQEl8qw.woff2’ saved [5540/5540]

--2026-06-12 04:27:38--  https://cdn.spacebilliard.com/easyio-gfont/s/poppins/v24/pxiByp8kv8JHgFVrLDz8Z1xlFd2JQEk.woff2
Reusing existing connection to cdn.spacebilliard.com:443.
HTTP request sent, awaiting response... 200 OK
Length: 7844 (7.7K) [font/woff2]
Saving to: ‘cdn.spacebilliard.com/easyio-gfont/s/poppins/v24/pxiByp8kv8JHgFVrLDz8Z1xlFd2JQEk.woff2’

     0K .......                                               100% 21.9M=0s

2026-06-12 04:27:38 (21.9 MB/s) - ‘cdn.spacebilliard.com/easyio-gfont/s/poppins/v24/pxiByp8kv8JHgFVrLDz8Z1xlFd2JQEk.woff2’ saved [7844/7844]

--2026-06-12 04:27:38--  https://cdn.spacebilliard.com/easyio-gfont/s/poppins/v24/pxiEyp8kv8JHgFVrJJbecnFHGPezSQ.woff2
Reusing existing connection to cdn.spacebilliard.com:443.
HTTP request sent, awaiting response... 200 OK
Length: 39504 (39K) [font/woff2]
Saving to: ‘cdn.spacebilliard.com/easyio-gfont/s/poppins/v24/pxiEyp8kv8JHgFVrJJbecnFHGPezSQ.woff2’

     0K .......... .......... .......... ........             100% 8.46M=0.004s

2026-06-12 04:27:39 (8.46 MB/s) - ‘cdn.spacebilliard.com/easyio-gfont/s/poppins/v24/pxiEyp8kv8JHgFVrJJbecnFHGPezSQ.woff2’ saved [39504/39504]

--2026-06-12 04:27:39--  https://cdn.spacebilliard.com/easyio-gfont/s/poppins/v24/pxiEyp8kv8JHgFVrJJnecnFHGPezSQ.woff2
Reusing existing connection to cdn.spacebilliard.com:443.
HTTP request sent, awaiting response... 200 OK
Length: 5640 (5.5K) [font/woff2]
Saving to: ‘cdn.spacebilliard.com/easyio-gfont/s/poppins/v24/pxiEyp8kv8JHgFVrJJnecnFHGPezSQ.woff2’

     0K .....                                                 100% 3.46M=0.002s

2026-06-12 04:27:39 (3.46 MB/s) - ‘cdn.spacebilliard.com/easyio-gfont/s/poppins/v24/pxiEyp8kv8JHgFVrJJnecnFHGPezSQ.woff2’ saved [5640/5640]

--2026-06-12 04:27:39--  https://cdn.spacebilliard.com/easyio-gfont/s/poppins/v24/pxiEyp8kv8JHgFVrJJfecnFHGPc.woff2
Reusing existing connection to cdn.spacebilliard.com:443.
HTTP request sent, awaiting response... 200 OK
Length: 7900 (7.7K) [font/woff2]
Saving to: ‘cdn.spacebilliard.com/easyio-gfont/s/poppins/v24/pxiEyp8kv8JHgFVrJJfecnFHGPc.woff2’

     0K .......                                               100% 17.6M=0s

2026-06-12 04:27:39 (17.6 MB/s) - ‘cdn.spacebilliard.com/easyio-gfont/s/poppins/v24/pxiEyp8kv8JHgFVrJJfecnFHGPc.woff2’ saved [7900/7900]

--2026-06-12 04:27:39--  https://cdn.spacebilliard.com/easyio-gfont/s/poppins/v24/pxiByp8kv8JHgFVrLGT9Z11lFd2JQEl8qw.woff2
Reusing existing connection to cdn.spacebilliard.com:443.
HTTP request sent, awaiting response... 200 OK
Length: 39160 (38K) [font/woff2]
Saving to: ‘cdn.spacebilliard.com/easyio-gfont/s/poppins/v24/pxiByp8kv8JHgFVrLGT9Z11lFd2JQEl8qw.woff2’

     0K .......... .......... .......... ........             100% 9.00M=0.004s

2026-06-12 04:27:39 (9.00 MB/s) - ‘cdn.spacebilliard.com/easyio-gfont/s/poppins/v24/pxiByp8kv8JHgFVrLGT9Z11lFd2JQEl8qw.woff2’ saved [39160/39160]

--2026-06-12 04:27:39--  https://cdn.spacebilliard.com/easyio-gfont/s/poppins/v24/pxiByp8kv8JHgFVrLGT9Z1JlFd2JQEl8qw.woff2
Reusing existing connection to cdn.spacebilliard.com:443.
HTTP request sent, awaiting response... 200 OK
Length: 5496 (5.4K) [font/woff2]
Saving to: ‘cdn.spacebilliard.com/easyio-gfont/s/poppins/v24/pxiByp8kv8JHgFVrLGT9Z1JlFd2JQEl8qw.woff2’

     0K .....                                                 100%  264K=0.02s

2026-06-12 04:27:39 (264 KB/s) - ‘cdn.spacebilliard.com/easyio-gfont/s/poppins/v24/pxiByp8kv8JHgFVrLGT9Z1JlFd2JQEl8qw.woff2’ saved [5496/5496]

--2026-06-12 04:27:39--  https://cdn.spacebilliard.com/easyio-gfont/s/poppins/v24/pxiByp8kv8JHgFVrLGT9Z1xlFd2JQEk.woff2
Reusing existing connection to cdn.spacebilliard.com:443.
HTTP request sent, awaiting response... 200 OK
Length: 7740 (7.6K) [font/woff2]
Saving to: ‘cdn.spacebilliard.com/easyio-gfont/s/poppins/v24/pxiByp8kv8JHgFVrLGT9Z1xlFd2JQEk.woff2’

     0K .......                                               100% 19.6M=0s

2026-06-12 04:27:39 (19.6 MB/s) - ‘cdn.spacebilliard.com/easyio-gfont/s/poppins/v24/pxiByp8kv8JHgFVrLGT9Z1xlFd2JQEk.woff2’ saved [7740/7740]

--2026-06-12 04:27:39--  https://cdn.spacebilliard.com/easyio-gfont/s/poppins/v24/pxiByp8kv8JHgFVrLEj6Z11lFd2JQEl8qw.woff2
Reusing existing connection to cdn.spacebilliard.com:443.
HTTP request sent, awaiting response... 200 OK
Length: 39384 (38K) [font/woff2]
Saving to: ‘cdn.spacebilliard.com/easyio-gfont/s/poppins/v24/pxiByp8kv8JHgFVrLEj6Z11lFd2JQEl8qw.woff2’

     0K .......... .......... .......... ........             100% 17.2M=0.002s

2026-06-12 04:27:39 (17.2 MB/s) - ‘cdn.spacebilliard.com/easyio-gfont/s/poppins/v24/pxiByp8kv8JHgFVrLEj6Z11lFd2JQEl8qw.woff2’ saved [39384/39384]

--2026-06-12 04:27:39--  https://cdn.spacebilliard.com/easyio-gfont/s/poppins/v24/pxiByp8kv8JHgFVrLEj6Z1JlFd2JQEl8qw.woff2
Reusing existing connection to cdn.spacebilliard.com:443.
HTTP request sent, awaiting response... 200 OK
Length: 5552 (5.4K) [font/woff2]
Saving to: ‘cdn.spacebilliard.com/easyio-gfont/s/poppins/v24/pxiByp8kv8JHgFVrLEj6Z1JlFd2JQEl8qw.woff2’

     0K .....                                                 100% 2.59G=0s

2026-06-12 04:27:39 (2.59 GB/s) - ‘cdn.spacebilliard.com/easyio-gfont/s/poppins/v24/pxiByp8kv8JHgFVrLEj6Z1JlFd2JQEl8qw.woff2’ saved [5552/5552]

--2026-06-12 04:27:39--  https://cdn.spacebilliard.com/easyio-gfont/s/poppins/v24/pxiByp8kv8JHgFVrLEj6Z1xlFd2JQEk.woff2
Reusing existing connection to cdn.spacebilliard.com:443.
HTTP request sent, awaiting response... 200 OK
Length: 7992 (7.8K) [font/woff2]
Saving to: ‘cdn.spacebilliard.com/easyio-gfont/s/poppins/v24/pxiByp8kv8JHgFVrLEj6Z1xlFd2JQEk.woff2’

     0K .......                                               100% 4.42M=0.002s

2026-06-12 04:27:40 (4.42 MB/s) - ‘cdn.spacebilliard.com/easyio-gfont/s/poppins/v24/pxiByp8kv8JHgFVrLEj6Z1xlFd2JQEk.woff2’ saved [7992/7992]

--2026-06-12 04:27:40--  https://cdn.spacebilliard.com/easyio-gfont/s/poppins/v24/pxiByp8kv8JHgFVrLCz7Z11lFd2JQEl8qw.woff2
Reusing existing connection to cdn.spacebilliard.com:443.
HTTP request sent, awaiting response... 200 OK
Length: 39204 (38K) [font/woff2]
Saving to: ‘cdn.spacebilliard.com/easyio-gfont/s/poppins/v24/pxiByp8kv8JHgFVrLCz7Z11lFd2JQEl8qw.woff2’

     0K .......... .......... .......... ........             100% 19.5M=0.002s

2026-06-12 04:27:40 (19.5 MB/s) - ‘cdn.spacebilliard.com/easyio-gfont/s/poppins/v24/pxiByp8kv8JHgFVrLCz7Z11lFd2JQEl8qw.woff2’ saved [39204/39204]

--2026-06-12 04:27:40--  https://cdn.spacebilliard.com/easyio-gfont/s/poppins/v24/pxiByp8kv8JHgFVrLCz7Z1JlFd2JQEl8qw.woff2
Reusing existing connection to cdn.spacebilliard.com:443.
HTTP request sent, awaiting response... 200 OK
Length: 5448 (5.3K) [font/woff2]
Saving to: ‘cdn.spacebilliard.com/easyio-gfont/s/poppins/v24/pxiByp8kv8JHgFVrLCz7Z1JlFd2JQEl8qw.woff2’

     0K .....                                                 100% 9.13M=0.001s

2026-06-12 04:27:40 (9.13 MB/s) - ‘cdn.spacebilliard.com/easyio-gfont/s/poppins/v24/pxiByp8kv8JHgFVrLCz7Z1JlFd2JQEl8qw.woff2’ saved [5448/5448]

--2026-06-12 04:27:40--  https://cdn.spacebilliard.com/easyio-gfont/s/poppins/v24/pxiByp8kv8JHgFVrLCz7Z1xlFd2JQEk.woff2
Reusing existing connection to cdn.spacebilliard.com:443.
HTTP request sent, awaiting response... 200 OK
Length: 7848 (7.7K) [font/woff2]
Saving to: ‘cdn.spacebilliard.com/easyio-gfont/s/poppins/v24/pxiByp8kv8JHgFVrLCz7Z1xlFd2JQEk.woff2’

     0K .......                                               100%  174M=0s

2026-06-12 04:27:40 (174 MB/s) - ‘cdn.spacebilliard.com/easyio-gfont/s/poppins/v24/pxiByp8kv8JHgFVrLCz7Z1xlFd2JQEk.woff2’ saved [7848/7848]

--2026-06-12 04:27:40--  https://cdn.spacebilliard.com/easyio-gfont/s/poppins/v24/pxiByp8kv8JHgFVrLDD4Z11lFd2JQEl8qw.woff2
Reusing existing connection to cdn.spacebilliard.com:443.
HTTP request sent, awaiting response... 200 OK
Length: 39088 (38K) [font/woff2]
Saving to: ‘cdn.spacebilliard.com/easyio-gfont/s/poppins/v24/pxiByp8kv8JHgFVrLDD4Z11lFd2JQEl8qw.woff2’

     0K .......... .......... .......... ........             100% 6.82M=0.005s

2026-06-12 04:27:40 (6.82 MB/s) - ‘cdn.spacebilliard.com/easyio-gfont/s/poppins/v24/pxiByp8kv8JHgFVrLDD4Z11lFd2JQEl8qw.woff2’ saved [39088/39088]

--2026-06-12 04:27:40--  https://cdn.spacebilliard.com/easyio-gfont/s/poppins/v24/pxiByp8kv8JHgFVrLDD4Z1JlFd2JQEl8qw.woff2
Reusing existing connection to cdn.spacebilliard.com:443.
HTTP request sent, awaiting response... 200 OK
Length: 5484 (5.4K) [font/woff2]
Saving to: ‘cdn.spacebilliard.com/easyio-gfont/s/poppins/v24/pxiByp8kv8JHgFVrLDD4Z1JlFd2JQEl8qw.woff2’

     0K .....                                                 100%  169M=0s

2026-06-12 04:27:40 (169 MB/s) - ‘cdn.spacebilliard.com/easyio-gfont/s/poppins/v24/pxiByp8kv8JHgFVrLDD4Z1JlFd2JQEl8qw.woff2’ saved [5484/5484]

--2026-06-12 04:27:40--  https://cdn.spacebilliard.com/easyio-gfont/s/poppins/v24/pxiByp8kv8JHgFVrLDD4Z1xlFd2JQEk.woff2
Reusing existing connection to cdn.spacebilliard.com:443.
HTTP request sent, awaiting response... 200 OK
Length: 7816 (7.6K) [font/woff2]
Saving to: ‘cdn.spacebilliard.com/easyio-gfont/s/poppins/v24/pxiByp8kv8JHgFVrLDD4Z1xlFd2JQEk.woff2’

     0K .......                                               100% 51.8M=0s

2026-06-12 04:27:41 (51.8 MB/s) - ‘cdn.spacebilliard.com/easyio-gfont/s/poppins/v24/pxiByp8kv8JHgFVrLDD4Z1xlFd2JQEk.woff2’ saved [7816/7816]

--2026-06-12 04:27:41--  https://cdn.spacebilliard.com/easyio-gfont/s/poppins/v24/pxiByp8kv8JHgFVrLBT5Z11lFd2JQEl8qw.woff2
Reusing existing connection to cdn.spacebilliard.com:443.
HTTP request sent, awaiting response... 200 OK
Length: 38192 (37K) [font/woff2]
Saving to: ‘cdn.spacebilliard.com/easyio-gfont/s/poppins/v24/pxiByp8kv8JHgFVrLBT5Z11lFd2JQEl8qw.woff2’

     0K .......... .......... .......... .......              100%  571K=0.07s

2026-06-12 04:27:42 (571 KB/s) - ‘cdn.spacebilliard.com/easyio-gfont/s/poppins/v24/pxiByp8kv8JHgFVrLBT5Z11lFd2JQEl8qw.woff2’ saved [38192/38192]

--2026-06-12 04:27:42--  https://cdn.spacebilliard.com/easyio-gfont/s/poppins/v24/pxiByp8kv8JHgFVrLBT5Z1JlFd2JQEl8qw.woff2
Reusing existing connection to cdn.spacebilliard.com:443.
HTTP request sent, awaiting response... 200 OK
Length: 5364 (5.2K) [font/woff2]
Saving to: ‘cdn.spacebilliard.com/easyio-gfont/s/poppins/v24/pxiByp8kv8JHgFVrLBT5Z1JlFd2JQEl8qw.woff2’

     0K .....                                                 100% 11.8M=0s

2026-06-12 04:27:42 (11.8 MB/s) - ‘cdn.spacebilliard.com/easyio-gfont/s/poppins/v24/pxiByp8kv8JHgFVrLBT5Z1JlFd2JQEl8qw.woff2’ saved [5364/5364]

--2026-06-12 04:27:42--  https://cdn.spacebilliard.com/easyio-gfont/s/poppins/v24/pxiByp8kv8JHgFVrLBT5Z1xlFd2JQEk.woff2
Reusing existing connection to cdn.spacebilliard.com:443.
HTTP request sent, awaiting response... 200 OK
Length: 7600 (7.4K) [font/woff2]
Saving to: ‘cdn.spacebilliard.com/easyio-gfont/s/poppins/v24/pxiByp8kv8JHgFVrLBT5Z1xlFd2JQEk.woff2’

     0K .......                                               100%  213M=0s

2026-06-12 04:27:42 (213 MB/s) - ‘cdn.spacebilliard.com/easyio-gfont/s/poppins/v24/pxiByp8kv8JHgFVrLBT5Z1xlFd2JQEk.woff2’ saved [7600/7600]

--2026-06-12 04:27:42--  https://cdn.spacebilliard.com/easyio-gfont/s/roboto/v51/KFO5CnqEu92Fr1Mu53ZEC9_Vu3r1gIhOszmkC3kaSTbQWt4N.woff2
Reusing existing connection to cdn.spacebilliard.com:443.
HTTP request sent, awaiting response... 200 OK
Length: 35396 (35K) [font/woff2]
Saving to: ‘cdn.spacebilliard.com/easyio-gfont/s/roboto/v51/KFO5CnqEu92Fr1Mu53ZEC9_Vu3r1gIhOszmkC3kaSTbQWt4N.woff2’

     0K .......... .......... .......... ....                 100%  313K=0.1s

2026-06-12 04:27:42 (313 KB/s) - ‘cdn.spacebilliard.com/easyio-gfont/s/roboto/v51/KFO5CnqEu92Fr1Mu53ZEC9_Vu3r1gIhOszmkC3kaSTbQWt4N.woff2’ saved [35396/35396]

--2026-06-12 04:27:42--  https://cdn.spacebilliard.com/easyio-gfont/s/roboto/v51/KFO5CnqEu92Fr1Mu53ZEC9_Vu3r1gIhOszmkAnkaSTbQWt4N.woff2
Reusing existing connection to cdn.spacebilliard.com:443.
HTTP request sent, awaiting response... 200 OK
Length: 21576 (21K) [font/woff2]
Saving to: ‘cdn.spacebilliard.com/easyio-gfont/s/roboto/v51/KFO5CnqEu92Fr1Mu53ZEC9_Vu3r1gIhOszmkAnkaSTbQWt4N.woff2’

     0K .......... .......... .                               100% 23.9M=0.001s

2026-06-12 04:27:42 (23.9 MB/s) - ‘cdn.spacebilliard.com/easyio-gfont/s/roboto/v51/KFO5CnqEu92Fr1Mu53ZEC9_Vu3r1gIhOszmkAnkaSTbQWt4N.woff2’ saved [21576/21576]

--2026-06-12 04:27:42--  https://cdn.spacebilliard.com/easyio-gfont/s/roboto/v51/KFO5CnqEu92Fr1Mu53ZEC9_Vu3r1gIhOszmkCnkaSTbQWt4N.woff2
Reusing existing connection to cdn.spacebilliard.com:443.
HTTP request sent, awaiting response... 200 OK
Length: 1720 (1.7K) [font/woff2]
Saving to: ‘cdn.spacebilliard.com/easyio-gfont/s/roboto/v51/KFO5CnqEu92Fr1Mu53ZEC9_Vu3r1gIhOszmkCnkaSTbQWt4N.woff2’

     0K .                                                     100% 63.1M=0s

2026-06-12 04:27:42 (63.1 MB/s) - ‘cdn.spacebilliard.com/easyio-gfont/s/roboto/v51/KFO5CnqEu92Fr1Mu53ZEC9_Vu3r1gIhOszmkCnkaSTbQWt4N.woff2’ saved [1720/1720]

--2026-06-12 04:27:42--  https://cdn.spacebilliard.com/easyio-gfont/s/roboto/v51/KFO5CnqEu92Fr1Mu53ZEC9_Vu3r1gIhOszmkBXkaSTbQWt4N.woff2
Reusing existing connection to cdn.spacebilliard.com:443.
HTTP request sent, awaiting response... 200 OK
Length: 15108 (15K) [font/woff2]
Saving to: ‘cdn.spacebilliard.com/easyio-gfont/s/roboto/v51/KFO5CnqEu92Fr1Mu53ZEC9_Vu3r1gIhOszmkBXkaSTbQWt4N.woff2’

     0K .......... ....                                       100% 38.4M=0s

2026-06-12 04:27:42 (38.4 MB/s) - ‘cdn.spacebilliard.com/easyio-gfont/s/roboto/v51/KFO5CnqEu92Fr1Mu53ZEC9_Vu3r1gIhOszmkBXkaSTbQWt4N.woff2’ saved [15108/15108]

--2026-06-12 04:27:42--  https://cdn.spacebilliard.com/easyio-gfont/s/roboto/v51/KFO5CnqEu92Fr1Mu53ZEC9_Vu3r1gIhOszmkenkaSTbQWt4N.woff2
Reusing existing connection to cdn.spacebilliard.com:443.
HTTP request sent, awaiting response... 200 OK
Length: 40192 (39K) [font/woff2]
Saving to: ‘cdn.spacebilliard.com/easyio-gfont/s/roboto/v51/KFO5CnqEu92Fr1Mu53ZEC9_Vu3r1gIhOszmkenkaSTbQWt4N.woff2’

     0K .......... .......... .......... .........            100% 18.3M=0.002s

2026-06-12 04:27:42 (18.3 MB/s) - ‘cdn.spacebilliard.com/easyio-gfont/s/roboto/v51/KFO5CnqEu92Fr1Mu53ZEC9_Vu3r1gIhOszmkenkaSTbQWt4N.woff2’ saved [40192/40192]

--2026-06-12 04:27:42--  https://cdn.spacebilliard.com/easyio-gfont/s/roboto/v51/KFO5CnqEu92Fr1Mu53ZEC9_Vu3r1gIhOszmkaHkaSTbQWt4N.woff2
Reusing existing connection to cdn.spacebilliard.com:443.
HTTP request sent, awaiting response... 200 OK
Length: 18484 (18K) [font/woff2]
Saving to: ‘cdn.spacebilliard.com/easyio-gfont/s/roboto/v51/KFO5CnqEu92Fr1Mu53ZEC9_Vu3r1gIhOszmkaHkaSTbQWt4N.woff2’

     0K .......... ........                                   100% 28.4M=0.001s

2026-06-12 04:27:43 (28.4 MB/s) - ‘cdn.spacebilliard.com/easyio-gfont/s/roboto/v51/KFO5CnqEu92Fr1Mu53ZEC9_Vu3r1gIhOszmkaHkaSTbQWt4N.woff2’ saved [18484/18484]

--2026-06-12 04:27:43--  https://cdn.spacebilliard.com/easyio-gfont/s/roboto/v51/KFO5CnqEu92Fr1Mu53ZEC9_Vu3r1gIhOszmkCXkaSTbQWt4N.woff2
Reusing existing connection to cdn.spacebilliard.com:443.
HTTP request sent, awaiting response... 200 OK
Length: 11604 (11K) [font/woff2]
Saving to: ‘cdn.spacebilliard.com/easyio-gfont/s/roboto/v51/KFO5CnqEu92Fr1Mu53ZEC9_Vu3r1gIhOszmkCXkaSTbQWt4N.woff2’

     0K .......... .                                          100% 6.77M=0.002s

2026-06-12 04:27:43 (6.77 MB/s) - ‘cdn.spacebilliard.com/easyio-gfont/s/roboto/v51/KFO5CnqEu92Fr1Mu53ZEC9_Vu3r1gIhOszmkCXkaSTbQWt4N.woff2’ saved [11604/11604]

--2026-06-12 04:27:43--  https://cdn.spacebilliard.com/easyio-gfont/s/roboto/v51/KFO5CnqEu92Fr1Mu53ZEC9_Vu3r1gIhOszmkCHkaSTbQWt4N.woff2
Reusing existing connection to cdn.spacebilliard.com:443.
HTTP request sent, awaiting response... 200 OK
Length: 26784 (26K) [font/woff2]
Saving to: ‘cdn.spacebilliard.com/easyio-gfont/s/roboto/v51/KFO5CnqEu92Fr1Mu53ZEC9_Vu3r1gIhOszmkCHkaSTbQWt4N.woff2’

     0K .......... .......... ......                          100% 9.26M=0.003s

2026-06-12 04:27:43 (9.26 MB/s) - ‘cdn.spacebilliard.com/easyio-gfont/s/roboto/v51/KFO5CnqEu92Fr1Mu53ZEC9_Vu3r1gIhOszmkCHkaSTbQWt4N.woff2’ saved [26784/26784]

--2026-06-12 04:27:43--  https://cdn.spacebilliard.com/easyio-gfont/s/roboto/v51/KFO5CnqEu92Fr1Mu53ZEC9_Vu3r1gIhOszmkBnkaSTbQWg.woff2
Reusing existing connection to cdn.spacebilliard.com:443.
HTTP request sent, awaiting response... 200 OK
Length: 41748 (41K) [font/woff2]
Saving to: ‘cdn.spacebilliard.com/easyio-gfont/s/roboto/v51/KFO5CnqEu92Fr1Mu53ZEC9_Vu3r1gIhOszmkBnkaSTbQWg.woff2’

     0K .......... .......... .......... ..........           100% 11.3M=0.004s

2026-06-12 04:27:43 (11.3 MB/s) - ‘cdn.spacebilliard.com/easyio-gfont/s/roboto/v51/KFO5CnqEu92Fr1Mu53ZEC9_Vu3r1gIhOszmkBnkaSTbQWg.woff2’ saved [41748/41748]

--2026-06-12 04:27:43--  https://cdn.spacebilliard.com/easyio-gfont/s/roboto/v51/KFO7CnqEu92Fr1ME7kSn66aGLdTylUAMa3GUBHMdazTgWw.woff2
Reusing existing connection to cdn.spacebilliard.com:443.
HTTP request sent, awaiting response... 200 OK
Length: 31472 (31K) [font/woff2]
Saving to: ‘cdn.spacebilliard.com/easyio-gfont/s/roboto/v51/KFO7CnqEu92Fr1ME7kSn66aGLdTylUAMa3GUBHMdazTgWw.woff2’

     0K .......... .......... ..........                      100% 10.5M=0.003s

2026-06-12 04:27:43 (10.5 MB/s) - ‘cdn.spacebilliard.com/easyio-gfont/s/roboto/v51/KFO7CnqEu92Fr1ME7kSn66aGLdTylUAMa3GUBHMdazTgWw.woff2’ saved [31472/31472]

--2026-06-12 04:27:43--  https://cdn.spacebilliard.com/easyio-gfont/s/roboto/v51/KFO7CnqEu92Fr1ME7kSn66aGLdTylUAMa3iUBHMdazTgWw.woff2
Reusing existing connection to cdn.spacebilliard.com:443.
HTTP request sent, awaiting response... 200 OK
Length: 19624 (19K) [font/woff2]
Saving to: ‘cdn.spacebilliard.com/easyio-gfont/s/roboto/v51/KFO7CnqEu92Fr1ME7kSn66aGLdTylUAMa3iUBHMdazTgWw.woff2’

     0K .......... .........                                  100% 20.2M=0.001s

2026-06-12 04:27:43 (20.2 MB/s) - ‘cdn.spacebilliard.com/easyio-gfont/s/roboto/v51/KFO7CnqEu92Fr1ME7kSn66aGLdTylUAMa3iUBHMdazTgWw.woff2’ saved [19624/19624]

--2026-06-12 04:27:43--  https://cdn.spacebilliard.com/easyio-gfont/s/roboto/v51/KFO7CnqEu92Fr1ME7kSn66aGLdTylUAMa3CUBHMdazTgWw.woff2
Reusing existing connection to cdn.spacebilliard.com:443.
HTTP request sent, awaiting response... 200 OK
Length: 1632 (1.6K) [font/woff2]
Saving to: ‘cdn.spacebilliard.com/easyio-gfont/s/roboto/v51/KFO7CnqEu92Fr1ME7kSn66aGLdTylUAMa3CUBHMdazTgWw.woff2’

     0K .                                                     100% 23.2M=0s

2026-06-12 04:27:43 (23.2 MB/s) - ‘cdn.spacebilliard.com/easyio-gfont/s/roboto/v51/KFO7CnqEu92Fr1ME7kSn66aGLdTylUAMa3CUBHMdazTgWw.woff2’ saved [1632/1632]

--2026-06-12 04:27:43--  https://cdn.spacebilliard.com/easyio-gfont/s/roboto/v51/KFO7CnqEu92Fr1ME7kSn66aGLdTylUAMa3-UBHMdazTgWw.woff2
Reusing existing connection to cdn.spacebilliard.com:443.
HTTP request sent, awaiting response... 200 OK
Length: 13984 (14K) [font/woff2]
Saving to: ‘cdn.spacebilliard.com/easyio-gfont/s/roboto/v51/KFO7CnqEu92Fr1ME7kSn66aGLdTylUAMa3-UBHMdazTgWw.woff2’

     0K .......... ...                                        100% 3.04M=0.004s

2026-06-12 04:27:43 (3.04 MB/s) - ‘cdn.spacebilliard.com/easyio-gfont/s/roboto/v51/KFO7CnqEu92Fr1ME7kSn66aGLdTylUAMa3-UBHMdazTgWw.woff2’ saved [13984/13984]

--2026-06-12 04:27:43--  https://cdn.spacebilliard.com/easyio-gfont/s/roboto/v51/KFO7CnqEu92Fr1ME7kSn66aGLdTylUAMawCUBHMdazTgWw.woff2
Reusing existing connection to cdn.spacebilliard.com:443.
HTTP request sent, awaiting response... 200 OK
Length: 36292 (35K) [font/woff2]
Saving to: ‘cdn.spacebilliard.com/easyio-gfont/s/roboto/v51/KFO7CnqEu92Fr1ME7kSn66aGLdTylUAMawCUBHMdazTgWw.woff2’

     0K .......... .......... .......... .....                100% 19.6M=0.002s

2026-06-12 04:27:44 (19.6 MB/s) - ‘cdn.spacebilliard.com/easyio-gfont/s/roboto/v51/KFO7CnqEu92Fr1ME7kSn66aGLdTylUAMawCUBHMdazTgWw.woff2’ saved [36292/36292]

--2026-06-12 04:27:44--  https://cdn.spacebilliard.com/easyio-gfont/s/roboto/v51/KFO7CnqEu92Fr1ME7kSn66aGLdTylUAMaxKUBHMdazTgWw.woff2
Reusing existing connection to cdn.spacebilliard.com:443.
HTTP request sent, awaiting response... 200 OK
Length: 16692 (16K) [font/woff2]
Saving to: ‘cdn.spacebilliard.com/easyio-gfont/s/roboto/v51/KFO7CnqEu92Fr1ME7kSn66aGLdTylUAMaxKUBHMdazTgWw.woff2’

     0K .......... ......                                     100% 12.1M=0.001s

2026-06-12 04:27:44 (12.1 MB/s) - ‘cdn.spacebilliard.com/easyio-gfont/s/roboto/v51/KFO7CnqEu92Fr1ME7kSn66aGLdTylUAMaxKUBHMdazTgWw.woff2’ saved [16692/16692]

--2026-06-12 04:27:44--  https://cdn.spacebilliard.com/easyio-gfont/s/roboto/v51/KFO7CnqEu92Fr1ME7kSn66aGLdTylUAMa3OUBHMdazTgWw.woff2
Reusing existing connection to cdn.spacebilliard.com:443.
HTTP request sent, awaiting response... 200 OK
Length: 10572 (10K) [font/woff2]
Saving to: ‘cdn.spacebilliard.com/easyio-gfont/s/roboto/v51/KFO7CnqEu92Fr1ME7kSn66aGLdTylUAMa3OUBHMdazTgWw.woff2’

     0K ..........                                            100% 14.1M=0.001s

2026-06-12 04:27:44 (14.1 MB/s) - ‘cdn.spacebilliard.com/easyio-gfont/s/roboto/v51/KFO7CnqEu92Fr1ME7kSn66aGLdTylUAMa3OUBHMdazTgWw.woff2’ saved [10572/10572]

--2026-06-12 04:27:44--  https://cdn.spacebilliard.com/easyio-gfont/s/roboto/v51/KFO7CnqEu92Fr1ME7kSn66aGLdTylUAMa3KUBHMdazTgWw.woff2
Reusing existing connection to cdn.spacebilliard.com:443.
HTTP request sent, awaiting response... 200 OK
Length: 24444 (24K) [font/woff2]
Saving to: ‘cdn.spacebilliard.com/easyio-gfont/s/roboto/v51/KFO7CnqEu92Fr1ME7kSn66aGLdTylUAMa3KUBHMdazTgWw.woff2’

     0K .......... .......... ...                             100% 7.61M=0.003s

2026-06-12 04:27:44 (7.61 MB/s) - ‘cdn.spacebilliard.com/easyio-gfont/s/roboto/v51/KFO7CnqEu92Fr1ME7kSn66aGLdTylUAMa3KUBHMdazTgWw.woff2’ saved [24444/24444]

--2026-06-12 04:27:44--  https://cdn.spacebilliard.com/easyio-gfont/s/roboto/v51/KFO7CnqEu92Fr1ME7kSn66aGLdTylUAMa3yUBHMdazQ.woff2
Reusing existing connection to cdn.spacebilliard.com:443.
HTTP request sent, awaiting response... 200 OK
Length: 37520 (37K) [font/woff2]
Saving to: ‘cdn.spacebilliard.com/easyio-gfont/s/roboto/v51/KFO7CnqEu92Fr1ME7kSn66aGLdTylUAMa3yUBHMdazQ.woff2’

     0K .......... .......... .......... ......               100% 15.9M=0.002s

2026-06-12 04:27:44 (15.9 MB/s) - ‘cdn.spacebilliard.com/easyio-gfont/s/roboto/v51/KFO7CnqEu92Fr1ME7kSn66aGLdTylUAMa3yUBHMdazQ.woff2’ saved [37520/37520]

--2026-06-12 04:27:44--  https://cdn.spacebilliard.com/easyio-gfont/s/lato/v25/S6u-w4BMUTPHjxsIPx-mPCLQ7A.woff2
Reusing existing connection to cdn.spacebilliard.com:443.
HTTP request sent, awaiting response... 200 OK
Length: 4372 (4.3K) [font/woff2]
Saving to: ‘cdn.spacebilliard.com/easyio-gfont/s/lato/v25/S6u-w4BMUTPHjxsIPx-mPCLQ7A.woff2’

     0K ....                                                  100% 13.0M=0s

2026-06-12 04:27:44 (13.0 MB/s) - ‘cdn.spacebilliard.com/easyio-gfont/s/lato/v25/S6u-w4BMUTPHjxsIPx-mPCLQ7A.woff2’ saved [4372/4372]

--2026-06-12 04:27:44--  https://cdn.spacebilliard.com/easyio-gfont/s/lato/v25/S6u-w4BMUTPHjxsIPx-oPCI.woff2
Reusing existing connection to cdn.spacebilliard.com:443.
HTTP request sent, awaiting response... 200 OK
Length: 17072 (17K) [font/woff2]
Saving to: ‘cdn.spacebilliard.com/easyio-gfont/s/lato/v25/S6u-w4BMUTPHjxsIPx-oPCI.woff2’

     0K .......... ......                                     100% 11.8M=0.001s

2026-06-12 04:27:44 (11.8 MB/s) - ‘cdn.spacebilliard.com/easyio-gfont/s/lato/v25/S6u-w4BMUTPHjxsIPx-oPCI.woff2’ saved [17072/17072]

--2026-06-12 04:27:44--  https://cdn.spacebilliard.com/easyio-gfont/s/lato/v25/S6u_w4BMUTPHjxsI9w2_FQft1dw.woff2
Reusing existing connection to cdn.spacebilliard.com:443.
HTTP request sent, awaiting response... 200 OK
Length: 4412 (4.3K) [font/woff2]
Saving to: ‘cdn.spacebilliard.com/easyio-gfont/s/lato/v25/S6u_w4BMUTPHjxsI9w2_FQft1dw.woff2’

     0K ....                                                  100%  131M=0s

2026-06-12 04:27:44 (131 MB/s) - ‘cdn.spacebilliard.com/easyio-gfont/s/lato/v25/S6u_w4BMUTPHjxsI9w2_FQft1dw.woff2’ saved [4412/4412]

--2026-06-12 04:27:44--  https://cdn.spacebilliard.com/easyio-gfont/s/lato/v25/S6u_w4BMUTPHjxsI9w2_Gwft.woff2
Reusing existing connection to cdn.spacebilliard.com:443.
HTTP request sent, awaiting response... 200 OK
Length: 17728 (17K) [font/woff2]
Saving to: ‘cdn.spacebilliard.com/easyio-gfont/s/lato/v25/S6u_w4BMUTPHjxsI9w2_Gwft.woff2’

     0K .......... .......                                    100% 12.4M=0.001s

2026-06-12 04:27:45 (12.4 MB/s) - ‘cdn.spacebilliard.com/easyio-gfont/s/lato/v25/S6u_w4BMUTPHjxsI9w2_Gwft.woff2’ saved [17728/17728]

--2026-06-12 04:27:45--  https://cdn.spacebilliard.com/easyio-gfont/s/lato/v25/S6u8w4BMUTPHjxsAUi-qJCY.woff2
Reusing existing connection to cdn.spacebilliard.com:443.
HTTP request sent, awaiting response... 200 OK
Length: 5776 (5.6K) [font/woff2]
Saving to: ‘cdn.spacebilliard.com/easyio-gfont/s/lato/v25/S6u8w4BMUTPHjxsAUi-qJCY.woff2’

     0K .....                                                 100% 17.1M=0s

2026-06-12 04:27:45 (17.1 MB/s) - ‘cdn.spacebilliard.com/easyio-gfont/s/lato/v25/S6u8w4BMUTPHjxsAUi-qJCY.woff2’ saved [5776/5776]

--2026-06-12 04:27:45--  https://cdn.spacebilliard.com/easyio-gfont/s/lato/v25/S6u8w4BMUTPHjxsAXC-q.woff2
Reusing existing connection to cdn.spacebilliard.com:443.
HTTP request sent, awaiting response... 200 OK
Length: 24408 (24K) [font/woff2]
Saving to: ‘cdn.spacebilliard.com/easyio-gfont/s/lato/v25/S6u8w4BMUTPHjxsAXC-q.woff2’

     0K .......... .......... ...                             100%  431K=0.06s

2026-06-12 04:27:45 (431 KB/s) - ‘cdn.spacebilliard.com/easyio-gfont/s/lato/v25/S6u8w4BMUTPHjxsAXC-q.woff2’ saved [24408/24408]

--2026-06-12 04:27:45--  https://cdn.spacebilliard.com/easyio-gfont/s/lato/v25/S6u_w4BMUTPHjxsI5wq_FQft1dw.woff2
Reusing existing connection to cdn.spacebilliard.com:443.
HTTP request sent, awaiting response... 200 OK
Length: 5792 (5.7K) [font/woff2]
Saving to: ‘cdn.spacebilliard.com/easyio-gfont/s/lato/v25/S6u_w4BMUTPHjxsI5wq_FQft1dw.woff2’

     0K .....                                                 100% 17.7M=0s

2026-06-12 04:27:45 (17.7 MB/s) - ‘cdn.spacebilliard.com/easyio-gfont/s/lato/v25/S6u_w4BMUTPHjxsI5wq_FQft1dw.woff2’ saved [5792/5792]

--2026-06-12 04:27:45--  https://cdn.spacebilliard.com/easyio-gfont/s/lato/v25/S6u_w4BMUTPHjxsI5wq_Gwft.woff2
Reusing existing connection to cdn.spacebilliard.com:443.
HTTP request sent, awaiting response... 200 OK
Length: 24448 (24K) [font/woff2]
Saving to: ‘cdn.spacebilliard.com/easyio-gfont/s/lato/v25/S6u_w4BMUTPHjxsI5wq_Gwft.woff2’

     0K .......... .......... ...                             100% 8.83M=0.003s

2026-06-12 04:27:45 (8.83 MB/s) - ‘cdn.spacebilliard.com/easyio-gfont/s/lato/v25/S6u_w4BMUTPHjxsI5wq_Gwft.woff2’ saved [24448/24448]

--2026-06-12 04:27:45--  https://cdn.spacebilliard.com/easyio-gfont/s/lato/v25/S6u_w4BMUTPHjxsI3wi_FQft1dw.woff2
Reusing existing connection to cdn.spacebilliard.com:443.
HTTP request sent, awaiting response... 200 OK
Length: 5756 (5.6K) [font/woff2]
Saving to: ‘cdn.spacebilliard.com/easyio-gfont/s/lato/v25/S6u_w4BMUTPHjxsI3wi_FQft1dw.woff2’

     0K .....                                                 100% 18.7M=0s

2026-06-12 04:27:45 (18.7 MB/s) - ‘cdn.spacebilliard.com/easyio-gfont/s/lato/v25/S6u_w4BMUTPHjxsI3wi_FQft1dw.woff2’ saved [5756/5756]

--2026-06-12 04:27:45--  https://cdn.spacebilliard.com/easyio-gfont/s/lato/v25/S6u_w4BMUTPHjxsI3wi_Gwft.woff2
Reusing existing connection to cdn.spacebilliard.com:443.
HTTP request sent, awaiting response... 200 OK
Length: 23736 (23K) [font/woff2]
Saving to: ‘cdn.spacebilliard.com/easyio-gfont/s/lato/v25/S6u_w4BMUTPHjxsI3wi_Gwft.woff2’

     0K .......... .......... ...                             100% 10.3M=0.002s

2026-06-12 04:27:45 (10.3 MB/s) - ‘cdn.spacebilliard.com/easyio-gfont/s/lato/v25/S6u_w4BMUTPHjxsI3wi_Gwft.woff2’ saved [23736/23736]

--2026-06-12 04:27:45--  https://cdn.spacebilliard.com/easyio-gfont/s/lato/v25/S6u8w4BMUTPHh30AUi-qJCY.woff2
Reusing existing connection to cdn.spacebilliard.com:443.
HTTP request sent, awaiting response... 200 OK
Length: 5448 (5.3K) [font/woff2]
Saving to: ‘cdn.spacebilliard.com/easyio-gfont/s/lato/v25/S6u8w4BMUTPHh30AUi-qJCY.woff2’

     0K .....                                                 100%  157M=0s

2026-06-12 04:27:45 (157 MB/s) - ‘cdn.spacebilliard.com/easyio-gfont/s/lato/v25/S6u8w4BMUTPHh30AUi-qJCY.woff2’ saved [5448/5448]

--2026-06-12 04:27:45--  https://cdn.spacebilliard.com/easyio-gfont/s/lato/v25/S6u8w4BMUTPHh30AXC-q.woff2
Reusing existing connection to cdn.spacebilliard.com:443.
HTTP request sent, awaiting response... 200 OK
Length: 21508 (21K) [font/woff2]
Saving to: ‘cdn.spacebilliard.com/easyio-gfont/s/lato/v25/S6u8w4BMUTPHh30AXC-q.woff2’

     0K .......... .......... .                               100% 10.9M=0.002s

2026-06-12 04:27:46 (10.9 MB/s) - ‘cdn.spacebilliard.com/easyio-gfont/s/lato/v25/S6u8w4BMUTPHh30AXC-q.woff2’ saved [21508/21508]

--2026-06-12 04:27:46--  https://cdn.spacebilliard.com/easyio-gfont/s/lato/v25/S6u9w4BMUTPHh7USSwaPGR_p.woff2
Reusing existing connection to cdn.spacebilliard.com:443.
HTTP request sent, awaiting response... 200 OK
Length: 5820 (5.7K) [font/woff2]
Saving to: ‘cdn.spacebilliard.com/easyio-gfont/s/lato/v25/S6u9w4BMUTPHh7USSwaPGR_p.woff2’

     0K .....                                                 100% 14.7M=0s

2026-06-12 04:27:46 (14.7 MB/s) - ‘cdn.spacebilliard.com/easyio-gfont/s/lato/v25/S6u9w4BMUTPHh7USSwaPGR_p.woff2’ saved [5820/5820]

--2026-06-12 04:27:46--  https://cdn.spacebilliard.com/easyio-gfont/s/lato/v25/S6u9w4BMUTPHh7USSwiPGQ.woff2
Reusing existing connection to cdn.spacebilliard.com:443.
HTTP request sent, awaiting response... 200 OK
Length: 23236 (23K) [font/woff2]
Saving to: ‘cdn.spacebilliard.com/easyio-gfont/s/lato/v25/S6u9w4BMUTPHh7USSwiPGQ.woff2’

     0K .......... .......... ..                              100% 10.6M=0.002s

2026-06-12 04:27:46 (10.6 MB/s) - ‘cdn.spacebilliard.com/easyio-gfont/s/lato/v25/S6u9w4BMUTPHh7USSwiPGQ.woff2’ saved [23236/23236]

--2026-06-12 04:27:46--  https://cdn.spacebilliard.com/easyio-gfont/s/lato/v25/S6uyw4BMUTPHjxAwXjeu.woff2
Reusing existing connection to cdn.spacebilliard.com:443.
HTTP request sent, awaiting response... 200 OK
Length: 5612 (5.5K) [font/woff2]
Saving to: ‘cdn.spacebilliard.com/easyio-gfont/s/lato/v25/S6uyw4BMUTPHjxAwXjeu.woff2’

     0K .....                                                 100%  303K=0.02s

2026-06-12 04:27:46 (303 KB/s) - ‘cdn.spacebilliard.com/easyio-gfont/s/lato/v25/S6uyw4BMUTPHjxAwXjeu.woff2’ saved [5612/5612]

--2026-06-12 04:27:46--  https://cdn.spacebilliard.com/easyio-gfont/s/lato/v25/S6uyw4BMUTPHjx4wXg.woff2
Reusing existing connection to cdn.spacebilliard.com:443.
HTTP request sent, awaiting response... 200 OK
Length: 23580 (23K) [font/woff2]
Saving to: ‘cdn.spacebilliard.com/easyio-gfont/s/lato/v25/S6uyw4BMUTPHjx4wXg.woff2’

     0K .......... .......... ...                             100%  315K=0.07s

2026-06-12 04:27:46 (315 KB/s) - ‘cdn.spacebilliard.com/easyio-gfont/s/lato/v25/S6uyw4BMUTPHjx4wXg.woff2’ saved [23580/23580]

--2026-06-12 04:27:46--  https://cdn.spacebilliard.com/easyio-gfont/s/lato/v25/S6u9w4BMUTPHh6UVSwaPGR_p.woff2
Reusing existing connection to cdn.spacebilliard.com:443.
HTTP request sent, awaiting response... 200 OK
Length: 5552 (5.4K) [font/woff2]
Saving to: ‘cdn.spacebilliard.com/easyio-gfont/s/lato/v25/S6u9w4BMUTPHh6UVSwaPGR_p.woff2’

     0K .....                                                 100% 25.5M=0s

2026-06-12 04:27:46 (25.5 MB/s) - ‘cdn.spacebilliard.com/easyio-gfont/s/lato/v25/S6u9w4BMUTPHh6UVSwaPGR_p.woff2’ saved [5552/5552]

--2026-06-12 04:27:46--  https://cdn.spacebilliard.com/easyio-gfont/s/lato/v25/S6u9w4BMUTPHh6UVSwiPGQ.woff2
Reusing existing connection to cdn.spacebilliard.com:443.
HTTP request sent, awaiting response... 200 OK
Length: 23040 (22K) [font/woff2]
Saving to: ‘cdn.spacebilliard.com/easyio-gfont/s/lato/v25/S6u9w4BMUTPHh6UVSwiPGQ.woff2’

     0K .......... .......... ..                              100% 10.6M=0.002s

2026-06-12 04:27:46 (10.6 MB/s) - ‘cdn.spacebilliard.com/easyio-gfont/s/lato/v25/S6u9w4BMUTPHh6UVSwiPGQ.woff2’ saved [23040/23040]

--2026-06-12 04:27:46--  https://cdn.spacebilliard.com/easyio-gfont/s/lato/v25/S6u9w4BMUTPHh50XSwaPGR_p.woff2
Reusing existing connection to cdn.spacebilliard.com:443.
HTTP request sent, awaiting response... 200 OK
Length: 5640 (5.5K) [font/woff2]
Saving to: ‘cdn.spacebilliard.com/easyio-gfont/s/lato/v25/S6u9w4BMUTPHh50XSwaPGR_p.woff2’

     0K .....                                                 100%  112M=0s

2026-06-12 04:27:46 (112 MB/s) - ‘cdn.spacebilliard.com/easyio-gfont/s/lato/v25/S6u9w4BMUTPHh50XSwaPGR_p.woff2’ saved [5640/5640]

--2026-06-12 04:27:46--  https://cdn.spacebilliard.com/easyio-gfont/s/lato/v25/S6u9w4BMUTPHh50XSwiPGQ.woff2
Reusing existing connection to cdn.spacebilliard.com:443.
HTTP request sent, awaiting response... 200 OK
Length: 22504 (22K) [font/woff2]
Saving to: ‘cdn.spacebilliard.com/easyio-gfont/s/lato/v25/S6u9w4BMUTPHh50XSwiPGQ.woff2’

     0K .......... .......... .                               100% 26.0M=0.001s

2026-06-12 04:27:46 (26.0 MB/s) - ‘cdn.spacebilliard.com/easyio-gfont/s/lato/v25/S6u9w4BMUTPHh50XSwiPGQ.woff2’ saved [22504/22504]

--2026-06-12 04:27:46--  https://cdn.spacebilliard.com/easyio-gfont/s/poppins/v24/pxiAyp8kv8JHgFVrJJLmE0tDMPKzSQ.woff2
Reusing existing connection to cdn.spacebilliard.com:443.
HTTP request sent, awaiting response... 200 OK
Length: 41984 (41K) [font/woff2]
Saving to: ‘cdn.spacebilliard.com/easyio-gfont/s/poppins/v24/pxiAyp8kv8JHgFVrJJLmE0tDMPKzSQ.woff2’

     0K .......... .......... .......... .......... .         100% 18.8M=0.002s

2026-06-12 04:27:46 (18.8 MB/s) - ‘cdn.spacebilliard.com/easyio-gfont/s/poppins/v24/pxiAyp8kv8JHgFVrJJLmE0tDMPKzSQ.woff2’ saved [41984/41984]

--2026-06-12 04:27:46--  https://cdn.spacebilliard.com/easyio-gfont/s/poppins/v24/pxiAyp8kv8JHgFVrJJLmE0tMMPKzSQ.woff2
Reusing existing connection to cdn.spacebilliard.com:443.
HTTP request sent, awaiting response... 200 OK
Length: 5720 (5.6K) [font/woff2]
Saving to: ‘cdn.spacebilliard.com/easyio-gfont/s/poppins/v24/pxiAyp8kv8JHgFVrJJLmE0tMMPKzSQ.woff2’

     0K .....                                                 100% 1.78G=0s

2026-06-12 04:27:47 (1.78 GB/s) - ‘cdn.spacebilliard.com/easyio-gfont/s/poppins/v24/pxiAyp8kv8JHgFVrJJLmE0tMMPKzSQ.woff2’ saved [5720/5720]

--2026-06-12 04:27:47--  https://cdn.spacebilliard.com/easyio-gfont/s/poppins/v24/pxiAyp8kv8JHgFVrJJLmE0tCMPI.woff2
Reusing existing connection to cdn.spacebilliard.com:443.
HTTP request sent, awaiting response... 200 OK
Length: 8404 (8.2K) [font/woff2]
Saving to: ‘cdn.spacebilliard.com/easyio-gfont/s/poppins/v24/pxiAyp8kv8JHgFVrJJLmE0tCMPI.woff2’

     0K ........                                              100%  206M=0s

2026-06-12 04:27:47 (206 MB/s) - ‘cdn.spacebilliard.com/easyio-gfont/s/poppins/v24/pxiAyp8kv8JHgFVrJJLmE0tCMPI.woff2’ saved [8404/8404]

--2026-06-12 04:27:47--  https://cdn.spacebilliard.com/easyio-gfont/s/poppins/v24/pxiDyp8kv8JHgFVrJJLmv1pVFteOcEg.woff2
Reusing existing connection to cdn.spacebilliard.com:443.
HTTP request sent, awaiting response... 200 OK
Length: 45300 (44K) [font/woff2]
Saving to: ‘cdn.spacebilliard.com/easyio-gfont/s/poppins/v24/pxiDyp8kv8JHgFVrJJLmv1pVFteOcEg.woff2’

     0K .......... .......... .......... .......... ....      100% 7.24M=0.006s

2026-06-12 04:27:47 (7.24 MB/s) - ‘cdn.spacebilliard.com/easyio-gfont/s/poppins/v24/pxiDyp8kv8JHgFVrJJLmv1pVFteOcEg.woff2’ saved [45300/45300]

--2026-06-12 04:27:47--  https://cdn.spacebilliard.com/easyio-gfont/s/poppins/v24/pxiDyp8kv8JHgFVrJJLmv1pVGdeOcEg.woff2
Reusing existing connection to cdn.spacebilliard.com:443.
HTTP request sent, awaiting response... 200 OK
Length: 5980 (5.8K) [font/woff2]
Saving to: ‘cdn.spacebilliard.com/easyio-gfont/s/poppins/v24/pxiDyp8kv8JHgFVrJJLmv1pVGdeOcEg.woff2’

     0K .....                                                 100% 2.78G=0s

2026-06-12 04:27:47 (2.78 GB/s) - ‘cdn.spacebilliard.com/easyio-gfont/s/poppins/v24/pxiDyp8kv8JHgFVrJJLmv1pVGdeOcEg.woff2’ saved [5980/5980]

--2026-06-12 04:27:47--  https://cdn.spacebilliard.com/easyio-gfont/s/poppins/v24/pxiDyp8kv8JHgFVrJJLmv1pVF9eO.woff2
Reusing existing connection to cdn.spacebilliard.com:443.
HTTP request sent, awaiting response... 200 OK
Length: 8720 (8.5K) [font/woff2]
Saving to: ‘cdn.spacebilliard.com/easyio-gfont/s/poppins/v24/pxiDyp8kv8JHgFVrJJLmv1pVF9eO.woff2’

     0K ........                                              100% 14.0M=0.001s

2026-06-12 04:27:47 (14.0 MB/s) - ‘cdn.spacebilliard.com/easyio-gfont/s/poppins/v24/pxiDyp8kv8JHgFVrJJLmv1pVF9eO.woff2’ saved [8720/8720]

--2026-06-12 04:27:47--  https://cdn.spacebilliard.com/easyio-gfont/s/poppins/v24/pxiDyp8kv8JHgFVrJJLm21lVFteOcEg.woff2
Reusing existing connection to cdn.spacebilliard.com:443.
HTTP request sent, awaiting response... 200 OK
Length: 45772 (45K) [font/woff2]
Saving to: ‘cdn.spacebilliard.com/easyio-gfont/s/poppins/v24/pxiDyp8kv8JHgFVrJJLm21lVFteOcEg.woff2’

     0K .......... .......... .......... .......... ....      100% 11.6M=0.004s

2026-06-12 04:27:47 (11.6 MB/s) - ‘cdn.spacebilliard.com/easyio-gfont/s/poppins/v24/pxiDyp8kv8JHgFVrJJLm21lVFteOcEg.woff2’ saved [45772/45772]

--2026-06-12 04:27:47--  https://cdn.spacebilliard.com/easyio-gfont/s/poppins/v24/pxiDyp8kv8JHgFVrJJLm21lVGdeOcEg.woff2
Reusing existing connection to cdn.spacebilliard.com:443.
HTTP request sent, awaiting response... 200 OK
Length: 5956 (5.8K) [font/woff2]
Saving to: ‘cdn.spacebilliard.com/easyio-gfont/s/poppins/v24/pxiDyp8kv8JHgFVrJJLm21lVGdeOcEg.woff2’

     0K .....                                                 100%  167M=0s

2026-06-12 04:27:47 (167 MB/s) - ‘cdn.spacebilliard.com/easyio-gfont/s/poppins/v24/pxiDyp8kv8JHgFVrJJLm21lVGdeOcEg.woff2’ saved [5956/5956]

--2026-06-12 04:27:47--  https://cdn.spacebilliard.com/easyio-gfont/s/poppins/v24/pxiDyp8kv8JHgFVrJJLm21lVF9eO.woff2
Reusing existing connection to cdn.spacebilliard.com:443.
HTTP request sent, awaiting response... 200 OK
Length: 8712 (8.5K) [font/woff2]
Saving to: ‘cdn.spacebilliard.com/easyio-gfont/s/poppins/v24/pxiDyp8kv8JHgFVrJJLm21lVF9eO.woff2’

     0K ........                                              100% 12.2M=0.001s

2026-06-12 04:27:47 (12.2 MB/s) - ‘cdn.spacebilliard.com/easyio-gfont/s/poppins/v24/pxiDyp8kv8JHgFVrJJLm21lVF9eO.woff2’ saved [8712/8712]

--2026-06-12 04:27:47--  https://cdn.spacebilliard.com/easyio-gfont/s/poppins/v24/pxiGyp8kv8JHgFVrJJLucXtAKPY.woff2
Reusing existing connection to cdn.spacebilliard.com:443.
HTTP request sent, awaiting response... 200 OK
Length: 45968 (45K) [font/woff2]
Saving to: ‘cdn.spacebilliard.com/easyio-gfont/s/poppins/v24/pxiGyp8kv8JHgFVrJJLucXtAKPY.woff2’

     0K .......... .......... .......... .......... ....      100% 7.65M=0.006s

2026-06-12 04:27:47 (7.65 MB/s) - ‘cdn.spacebilliard.com/easyio-gfont/s/poppins/v24/pxiGyp8kv8JHgFVrJJLucXtAKPY.woff2’ saved [45968/45968]

--2026-06-12 04:27:47--  https://cdn.spacebilliard.com/easyio-gfont/s/poppins/v24/pxiGyp8kv8JHgFVrJJLufntAKPY.woff2
Reusing existing connection to cdn.spacebilliard.com:443.
HTTP request sent, awaiting response... 200 OK
Length: 5964 (5.8K) [font/woff2]
Saving to: ‘cdn.spacebilliard.com/easyio-gfont/s/poppins/v24/pxiGyp8kv8JHgFVrJJLufntAKPY.woff2’

     0K .....                                                 100%  183M=0s

2026-06-12 04:27:48 (183 MB/s) - ‘cdn.spacebilliard.com/easyio-gfont/s/poppins/v24/pxiGyp8kv8JHgFVrJJLufntAKPY.woff2’ saved [5964/5964]

--2026-06-12 04:27:48--  https://cdn.spacebilliard.com/easyio-gfont/s/poppins/v24/pxiGyp8kv8JHgFVrJJLucHtA.woff2
Reusing existing connection to cdn.spacebilliard.com:443.
HTTP request sent, awaiting response... 200 OK
Length: 8668 (8.5K) [font/woff2]
Saving to: ‘cdn.spacebilliard.com/easyio-gfont/s/poppins/v24/pxiGyp8kv8JHgFVrJJLucHtA.woff2’

     0K ........                                              100% 10.5M=0.001s

2026-06-12 04:27:48 (10.5 MB/s) - ‘cdn.spacebilliard.com/easyio-gfont/s/poppins/v24/pxiGyp8kv8JHgFVrJJLucHtA.woff2’ saved [8668/8668]

--2026-06-12 04:27:48--  https://cdn.spacebilliard.com/easyio-gfont/s/poppins/v24/pxiDyp8kv8JHgFVrJJLmg1hVFteOcEg.woff2
Reusing existing connection to cdn.spacebilliard.com:443.
HTTP request sent, awaiting response... 200 OK
Length: 44976 (44K) [font/woff2]
Saving to: ‘cdn.spacebilliard.com/easyio-gfont/s/poppins/v24/pxiDyp8kv8JHgFVrJJLmg1hVFteOcEg.woff2’

     0K .......... .......... .......... .......... ...       100% 30.2M=0.001s

2026-06-12 04:27:48 (30.2 MB/s) - ‘cdn.spacebilliard.com/easyio-gfont/s/poppins/v24/pxiDyp8kv8JHgFVrJJLmg1hVFteOcEg.woff2’ saved [44976/44976]

--2026-06-12 04:27:48--  https://cdn.spacebilliard.com/easyio-gfont/s/poppins/v24/pxiDyp8kv8JHgFVrJJLmg1hVGdeOcEg.woff2
Reusing existing connection to cdn.spacebilliard.com:443.
HTTP request sent, awaiting response... 200 OK
Length: 5856 (5.7K) [font/woff2]
Saving to: ‘cdn.spacebilliard.com/easyio-gfont/s/poppins/v24/pxiDyp8kv8JHgFVrJJLmg1hVGdeOcEg.woff2’

     0K .....                                                 100% 12.8M=0s

2026-06-12 04:27:48 (12.8 MB/s) - ‘cdn.spacebilliard.com/easyio-gfont/s/poppins/v24/pxiDyp8kv8JHgFVrJJLmg1hVGdeOcEg.woff2’ saved [5856/5856]

--2026-06-12 04:27:48--  https://cdn.spacebilliard.com/easyio-gfont/s/poppins/v24/pxiDyp8kv8JHgFVrJJLmg1hVF9eO.woff2
Reusing existing connection to cdn.spacebilliard.com:443.
HTTP request sent, awaiting response... 200 OK
Length: 8504 (8.3K) [font/woff2]
Saving to: ‘cdn.spacebilliard.com/easyio-gfont/s/poppins/v24/pxiDyp8kv8JHgFVrJJLmg1hVF9eO.woff2’

     0K ........                                              100% 17.2M=0s

2026-06-12 04:27:48 (17.2 MB/s) - ‘cdn.spacebilliard.com/easyio-gfont/s/poppins/v24/pxiDyp8kv8JHgFVrJJLmg1hVF9eO.woff2’ saved [8504/8504]

--2026-06-12 04:27:48--  https://cdn.spacebilliard.com/easyio-gfont/s/poppins/v24/pxiDyp8kv8JHgFVrJJLmr19VFteOcEg.woff2
Reusing existing connection to cdn.spacebilliard.com:443.
HTTP request sent, awaiting response... 200 OK
Length: 45596 (45K) [font/woff2]
Saving to: ‘cdn.spacebilliard.com/easyio-gfont/s/poppins/v24/pxiDyp8kv8JHgFVrJJLmr19VFteOcEg.woff2’

     0K .......... .......... .......... .......... ....      100% 6.72M=0.006s

2026-06-12 04:27:48 (6.72 MB/s) - ‘cdn.spacebilliard.com/easyio-gfont/s/poppins/v24/pxiDyp8kv8JHgFVrJJLmr19VFteOcEg.woff2’ saved [45596/45596]

--2026-06-12 04:27:48--  https://cdn.spacebilliard.com/easyio-gfont/s/poppins/v24/pxiDyp8kv8JHgFVrJJLmr19VGdeOcEg.woff2
Reusing existing connection to cdn.spacebilliard.com:443.
HTTP request sent, awaiting response... 200 OK
Length: 6012 (5.9K) [font/woff2]
Saving to: ‘cdn.spacebilliard.com/easyio-gfont/s/poppins/v24/pxiDyp8kv8JHgFVrJJLmr19VGdeOcEg.woff2’

     0K .....                                                 100%  112M=0s

2026-06-12 04:27:48 (112 MB/s) - ‘cdn.spacebilliard.com/easyio-gfont/s/poppins/v24/pxiDyp8kv8JHgFVrJJLmr19VGdeOcEg.woff2’ saved [6012/6012]

--2026-06-12 04:27:48--  https://cdn.spacebilliard.com/easyio-gfont/s/poppins/v24/pxiDyp8kv8JHgFVrJJLmr19VF9eO.woff2
Reusing existing connection to cdn.spacebilliard.com:443.
HTTP request sent, awaiting response... 200 OK
Length: 8724 (8.5K) [font/woff2]
Saving to: ‘cdn.spacebilliard.com/easyio-gfont/s/poppins/v24/pxiDyp8kv8JHgFVrJJLmr19VF9eO.woff2’

     0K ........                                              100% 13.8M=0.001s

2026-06-12 04:27:48 (13.8 MB/s) - ‘cdn.spacebilliard.com/easyio-gfont/s/poppins/v24/pxiDyp8kv8JHgFVrJJLmr19VF9eO.woff2’ saved [8724/8724]

--2026-06-12 04:27:48--  https://cdn.spacebilliard.com/easyio-gfont/s/poppins/v24/pxiDyp8kv8JHgFVrJJLmy15VFteOcEg.woff2
Reusing existing connection to cdn.spacebilliard.com:443.
HTTP request sent, awaiting response... 200 OK
Length: 45060 (44K) [font/woff2]
Saving to: ‘cdn.spacebilliard.com/easyio-gfont/s/poppins/v24/pxiDyp8kv8JHgFVrJJLmy15VFteOcEg.woff2’

     0K .......... .......... .......... .......... ....      100% 14.4M=0.003s

2026-06-12 04:27:49 (14.4 MB/s) - ‘cdn.spacebilliard.com/easyio-gfont/s/poppins/v24/pxiDyp8kv8JHgFVrJJLmy15VFteOcEg.woff2’ saved [45060/45060]

--2026-06-12 04:27:49--  https://cdn.spacebilliard.com/easyio-gfont/s/poppins/v24/pxiDyp8kv8JHgFVrJJLmy15VGdeOcEg.woff2
Reusing existing connection to cdn.spacebilliard.com:443.
HTTP request sent, awaiting response... 200 OK
Length: 5860 (5.7K) [font/woff2]
Saving to: ‘cdn.spacebilliard.com/easyio-gfont/s/poppins/v24/pxiDyp8kv8JHgFVrJJLmy15VGdeOcEg.woff2’

     0K .....                                                 100% 26.9M=0s

2026-06-12 04:27:49 (26.9 MB/s) - ‘cdn.spacebilliard.com/easyio-gfont/s/poppins/v24/pxiDyp8kv8JHgFVrJJLmy15VGdeOcEg.woff2’ saved [5860/5860]

--2026-06-12 04:27:49--  https://cdn.spacebilliard.com/easyio-gfont/s/poppins/v24/pxiDyp8kv8JHgFVrJJLmy15VF9eO.woff2
Reusing existing connection to cdn.spacebilliard.com:443.
HTTP request sent, awaiting response... 200 OK
Length: 8596 (8.4K) [font/woff2]
Saving to: ‘cdn.spacebilliard.com/easyio-gfont/s/poppins/v24/pxiDyp8kv8JHgFVrJJLmy15VF9eO.woff2’

     0K ........                                              100% 14.8M=0.001s

2026-06-12 04:27:49 (14.8 MB/s) - ‘cdn.spacebilliard.com/easyio-gfont/s/poppins/v24/pxiDyp8kv8JHgFVrJJLmy15VF9eO.woff2’ saved [8596/8596]

--2026-06-12 04:27:49--  https://cdn.spacebilliard.com/easyio-gfont/s/poppins/v24/pxiDyp8kv8JHgFVrJJLm111VFteOcEg.woff2
Reusing existing connection to cdn.spacebilliard.com:443.
HTTP request sent, awaiting response... 200 OK
Length: 44692 (44K) [font/woff2]
Saving to: ‘cdn.spacebilliard.com/easyio-gfont/s/poppins/v24/pxiDyp8kv8JHgFVrJJLm111VFteOcEg.woff2’

     0K .......... .......... .......... .......... ...       100% 20.9M=0.002s

2026-06-12 04:27:49 (20.9 MB/s) - ‘cdn.spacebilliard.com/easyio-gfont/s/poppins/v24/pxiDyp8kv8JHgFVrJJLm111VFteOcEg.woff2’ saved [44692/44692]

--2026-06-12 04:27:49--  https://cdn.spacebilliard.com/easyio-gfont/s/poppins/v24/pxiDyp8kv8JHgFVrJJLm111VGdeOcEg.woff2
Reusing existing connection to cdn.spacebilliard.com:443.
HTTP request sent, awaiting response... 200 OK
Length: 5932 (5.8K) [font/woff2]
Saving to: ‘cdn.spacebilliard.com/easyio-gfont/s/poppins/v24/pxiDyp8kv8JHgFVrJJLm111VGdeOcEg.woff2’

     0K .....                                                 100% 21.7M=0s

2026-06-12 04:27:49 (21.7 MB/s) - ‘cdn.spacebilliard.com/easyio-gfont/s/poppins/v24/pxiDyp8kv8JHgFVrJJLm111VGdeOcEg.woff2’ saved [5932/5932]

--2026-06-12 04:27:49--  https://cdn.spacebilliard.com/easyio-gfont/s/poppins/v24/pxiDyp8kv8JHgFVrJJLm111VF9eO.woff2
Reusing existing connection to cdn.spacebilliard.com:443.
HTTP request sent, awaiting response... 200 OK
Length: 8680 (8.5K) [font/woff2]
Saving to: ‘cdn.spacebilliard.com/easyio-gfont/s/poppins/v24/pxiDyp8kv8JHgFVrJJLm111VF9eO.woff2’

     0K ........                                              100% 21.0M=0s

2026-06-12 04:27:49 (21.0 MB/s) - ‘cdn.spacebilliard.com/easyio-gfont/s/poppins/v24/pxiDyp8kv8JHgFVrJJLm111VF9eO.woff2’ saved [8680/8680]

--2026-06-12 04:27:49--  https://cdn.spacebilliard.com/easyio-gfont/s/poppins/v24/pxiDyp8kv8JHgFVrJJLm81xVFteOcEg.woff2
Reusing existing connection to cdn.spacebilliard.com:443.
HTTP request sent, awaiting response... 200 OK
Length: 41944 (41K) [font/woff2]
Saving to: ‘cdn.spacebilliard.com/easyio-gfont/s/poppins/v24/pxiDyp8kv8JHgFVrJJLm81xVFteOcEg.woff2’

     0K .......... .......... .......... ..........           100% 9.73M=0.004s

2026-06-12 04:27:49 (9.73 MB/s) - ‘cdn.spacebilliard.com/easyio-gfont/s/poppins/v24/pxiDyp8kv8JHgFVrJJLm81xVFteOcEg.woff2’ saved [41944/41944]

--2026-06-12 04:27:49--  https://cdn.spacebilliard.com/easyio-gfont/s/poppins/v24/pxiDyp8kv8JHgFVrJJLm81xVGdeOcEg.woff2
Reusing existing connection to cdn.spacebilliard.com:443.
HTTP request sent, awaiting response... 200 OK
Length: 5812 (5.7K) [font/woff2]
Saving to: ‘cdn.spacebilliard.com/easyio-gfont/s/poppins/v24/pxiDyp8kv8JHgFVrJJLm81xVGdeOcEg.woff2’

     0K .....                                                 100%  173M=0s

2026-06-12 04:27:49 (173 MB/s) - ‘cdn.spacebilliard.com/easyio-gfont/s/poppins/v24/pxiDyp8kv8JHgFVrJJLm81xVGdeOcEg.woff2’ saved [5812/5812]

--2026-06-12 04:27:49--  https://cdn.spacebilliard.com/easyio-gfont/s/poppins/v24/pxiDyp8kv8JHgFVrJJLm81xVF9eO.woff2
Reusing existing connection to cdn.spacebilliard.com:443.
HTTP request sent, awaiting response... 200 OK
Length: 8488 (8.3K) [font/woff2]
Saving to: ‘cdn.spacebilliard.com/easyio-gfont/s/poppins/v24/pxiDyp8kv8JHgFVrJJLm81xVF9eO.woff2’

     0K ........                                              100% 16.5M=0s

2026-06-12 04:27:50 (16.5 MB/s) - ‘cdn.spacebilliard.com/easyio-gfont/s/poppins/v24/pxiDyp8kv8JHgFVrJJLm81xVF9eO.woff2’ saved [8488/8488]

--2026-06-12 04:27:50--  https://cdn.spacebilliard.com/easyio-gfont/s/poppins/v24/pxiGyp8kv8JHgFVrLPTucXtAKPY.woff2
Reusing existing connection to cdn.spacebilliard.com:443.
HTTP request sent, awaiting response... 200 OK
Length: 36136 (35K) [font/woff2]
Saving to: ‘cdn.spacebilliard.com/easyio-gfont/s/poppins/v24/pxiGyp8kv8JHgFVrLPTucXtAKPY.woff2’

     0K .......... .......... .......... .....                100% 10.1M=0.003s

2026-06-12 04:27:50 (10.1 MB/s) - ‘cdn.spacebilliard.com/easyio-gfont/s/poppins/v24/pxiGyp8kv8JHgFVrLPTucXtAKPY.woff2’ saved [36136/36136]

--2026-06-12 04:27:50--  https://cdn.spacebilliard.com/easyio-gfont/s/poppins/v24/pxiGyp8kv8JHgFVrLPTufntAKPY.woff2
Reusing existing connection to cdn.spacebilliard.com:443.
HTTP request sent, awaiting response... 200 OK
Length: 5364 (5.2K) [font/woff2]
Saving to: ‘cdn.spacebilliard.com/easyio-gfont/s/poppins/v24/pxiGyp8kv8JHgFVrLPTufntAKPY.woff2’

     0K .....                                                 100%  128M=0s

2026-06-12 04:27:50 (128 MB/s) - ‘cdn.spacebilliard.com/easyio-gfont/s/poppins/v24/pxiGyp8kv8JHgFVrLPTufntAKPY.woff2’ saved [5364/5364]

--2026-06-12 04:27:50--  https://cdn.spacebilliard.com/easyio-gfont/s/poppins/v24/pxiGyp8kv8JHgFVrLPTucHtA.woff2
Reusing existing connection to cdn.spacebilliard.com:443.
HTTP request sent, awaiting response... 200 OK
Length: 7484 (7.3K) [font/woff2]
Saving to: ‘cdn.spacebilliard.com/easyio-gfont/s/poppins/v24/pxiGyp8kv8JHgFVrLPTucHtA.woff2’

     0K .......                                               100% 3.49G=0s

2026-06-12 04:27:50 (3.49 GB/s) - ‘cdn.spacebilliard.com/easyio-gfont/s/poppins/v24/pxiGyp8kv8JHgFVrLPTucHtA.woff2’ saved [7484/7484]

--2026-06-12 04:27:50--  https://cdn.spacebilliard.com/easyio-gfont/s/poppins/v24/pxiByp8kv8JHgFVrLFj_Z11lFc-K.woff2
Reusing existing connection to cdn.spacebilliard.com:443.
HTTP request sent, awaiting response... 200 OK
Length: 39192 (38K) [font/woff2]
Saving to: ‘cdn.spacebilliard.com/easyio-gfont/s/poppins/v24/pxiByp8kv8JHgFVrLFj_Z11lFc-K.woff2’

     0K .......... .......... .......... ........             100% 6.32M=0.006s

2026-06-12 04:27:50 (6.32 MB/s) - ‘cdn.spacebilliard.com/easyio-gfont/s/poppins/v24/pxiByp8kv8JHgFVrLFj_Z11lFc-K.woff2’ saved [39192/39192]

--2026-06-12 04:27:50--  https://cdn.spacebilliard.com/easyio-gfont/s/poppins/v24/pxiByp8kv8JHgFVrLFj_Z1JlFc-K.woff2
Reusing existing connection to cdn.spacebilliard.com:443.
HTTP request sent, awaiting response... 200 OK
Length: 5508 (5.4K) [font/woff2]
Saving to: ‘cdn.spacebilliard.com/easyio-gfont/s/poppins/v24/pxiByp8kv8JHgFVrLFj_Z1JlFc-K.woff2’

     0K .....                                                 100% 24.7M=0s

2026-06-12 04:27:50 (24.7 MB/s) - ‘cdn.spacebilliard.com/easyio-gfont/s/poppins/v24/pxiByp8kv8JHgFVrLFj_Z1JlFc-K.woff2’ saved [5508/5508]

--2026-06-12 04:27:50--  https://cdn.spacebilliard.com/easyio-gfont/s/poppins/v24/pxiByp8kv8JHgFVrLFj_Z1xlFQ.woff2
Reusing existing connection to cdn.spacebilliard.com:443.
HTTP request sent, awaiting response... 200 OK
Length: 7932 (7.7K) [font/woff2]
Saving to: ‘cdn.spacebilliard.com/easyio-gfont/s/poppins/v24/pxiByp8kv8JHgFVrLFj_Z1xlFQ.woff2’

     0K .......                                               100% 24.5M=0s

2026-06-12 04:27:50 (24.5 MB/s) - ‘cdn.spacebilliard.com/easyio-gfont/s/poppins/v24/pxiByp8kv8JHgFVrLFj_Z1xlFQ.woff2’ saved [7932/7932]

--2026-06-12 04:27:50--  https://cdn.spacebilliard.com/easyio-gfont/s/poppins/v24/pxiByp8kv8JHgFVrLDz8Z11lFc-K.woff2
Reusing existing connection to cdn.spacebilliard.com:443.
HTTP request sent, awaiting response... 200 OK
Length: 39412 (38K) [font/woff2]
Saving to: ‘cdn.spacebilliard.com/easyio-gfont/s/poppins/v24/pxiByp8kv8JHgFVrLDz8Z11lFc-K.woff2’

     0K .......... .......... .......... ........             100% 9.56M=0.004s

2026-06-12 04:27:50 (9.56 MB/s) - ‘cdn.spacebilliard.com/easyio-gfont/s/poppins/v24/pxiByp8kv8JHgFVrLDz8Z11lFc-K.woff2’ saved [39412/39412]

--2026-06-12 04:27:50--  https://cdn.spacebilliard.com/easyio-gfont/s/poppins/v24/pxiByp8kv8JHgFVrLDz8Z1JlFc-K.woff2
Reusing existing connection to cdn.spacebilliard.com:443.
HTTP request sent, awaiting response... 200 OK
Length: 5524 (5.4K) [font/woff2]
Saving to: ‘cdn.spacebilliard.com/easyio-gfont/s/poppins/v24/pxiByp8kv8JHgFVrLDz8Z1JlFc-K.woff2’

     0K .....                                                 100% 17.6M=0s

2026-06-12 04:27:51 (17.6 MB/s) - ‘cdn.spacebilliard.com/easyio-gfont/s/poppins/v24/pxiByp8kv8JHgFVrLDz8Z1JlFc-K.woff2’ saved [5524/5524]

--2026-06-12 04:27:51--  https://cdn.spacebilliard.com/easyio-gfont/s/poppins/v24/pxiByp8kv8JHgFVrLDz8Z1xlFQ.woff2
Reusing existing connection to cdn.spacebilliard.com:443.
HTTP request sent, awaiting response... 200 OK
Length: 7840 (7.7K) [font/woff2]
Saving to: ‘cdn.spacebilliard.com/easyio-gfont/s/poppins/v24/pxiByp8kv8JHgFVrLDz8Z1xlFQ.woff2’

     0K .......                                               100%  174M=0s

2026-06-12 04:27:51 (174 MB/s) - ‘cdn.spacebilliard.com/easyio-gfont/s/poppins/v24/pxiByp8kv8JHgFVrLDz8Z1xlFQ.woff2’ saved [7840/7840]

--2026-06-12 04:27:51--  https://cdn.spacebilliard.com/easyio-gfont/s/poppins/v24/pxiEyp8kv8JHgFVrJJbecmNE.woff2
Reusing existing connection to cdn.spacebilliard.com:443.
HTTP request sent, awaiting response... 200 OK
Length: 39660 (39K) [font/woff2]
Saving to: ‘cdn.spacebilliard.com/easyio-gfont/s/poppins/v24/pxiEyp8kv8JHgFVrJJbecmNE.woff2’

     0K .......... .......... .......... ........             100% 10.1M=0.004s

2026-06-12 04:27:51 (10.1 MB/s) - ‘cdn.spacebilliard.com/easyio-gfont/s/poppins/v24/pxiEyp8kv8JHgFVrJJbecmNE.woff2’ saved [39660/39660]

--2026-06-12 04:27:51--  https://cdn.spacebilliard.com/easyio-gfont/s/poppins/v24/pxiEyp8kv8JHgFVrJJnecmNE.woff2
Reusing existing connection to cdn.spacebilliard.com:443.
HTTP request sent, awaiting response... 200 OK
Length: 5644 (5.5K) [font/woff2]
Saving to: ‘cdn.spacebilliard.com/easyio-gfont/s/poppins/v24/pxiEyp8kv8JHgFVrJJnecmNE.woff2’

     0K .....                                                 100% 1.36M=0.004s

2026-06-12 04:27:51 (1.36 MB/s) - ‘cdn.spacebilliard.com/easyio-gfont/s/poppins/v24/pxiEyp8kv8JHgFVrJJnecmNE.woff2’ saved [5644/5644]

--2026-06-12 04:27:51--  https://cdn.spacebilliard.com/easyio-gfont/s/poppins/v24/pxiEyp8kv8JHgFVrJJfecg.woff2
Reusing existing connection to cdn.spacebilliard.com:443.
HTTP request sent, awaiting response... 200 OK
Length: 7884 (7.7K) [font/woff2]
Saving to: ‘cdn.spacebilliard.com/easyio-gfont/s/poppins/v24/pxiEyp8kv8JHgFVrJJfecg.woff2’

     0K .......                                               100% 13.7M=0.001s

2026-06-12 04:27:51 (13.7 MB/s) - ‘cdn.spacebilliard.com/easyio-gfont/s/poppins/v24/pxiEyp8kv8JHgFVrJJfecg.woff2’ saved [7884/7884]

--2026-06-12 04:27:51--  https://cdn.spacebilliard.com/easyio-gfont/s/poppins/v24/pxiByp8kv8JHgFVrLGT9Z11lFc-K.woff2
Reusing existing connection to cdn.spacebilliard.com:443.
HTTP request sent, awaiting response... 200 OK
Length: 39084 (38K) [font/woff2]
Saving to: ‘cdn.spacebilliard.com/easyio-gfont/s/poppins/v24/pxiByp8kv8JHgFVrLGT9Z11lFc-K.woff2’

     0K .......... .......... .......... ........             100% 17.3M=0.002s

2026-06-12 04:27:51 (17.3 MB/s) - ‘cdn.spacebilliard.com/easyio-gfont/s/poppins/v24/pxiByp8kv8JHgFVrLGT9Z11lFc-K.woff2’ saved [39084/39084]

--2026-06-12 04:27:51--  https://cdn.spacebilliard.com/easyio-gfont/s/poppins/v24/pxiByp8kv8JHgFVrLGT9Z1JlFc-K.woff2
Reusing existing connection to cdn.spacebilliard.com:443.
HTTP request sent, awaiting response... 200 OK
Length: 5484 (5.4K) [font/woff2]
Saving to: ‘cdn.spacebilliard.com/easyio-gfont/s/poppins/v24/pxiByp8kv8JHgFVrLGT9Z1JlFc-K.woff2’

     0K .....                                                 100%  154M=0s

2026-06-12 04:27:51 (154 MB/s) - ‘cdn.spacebilliard.com/easyio-gfont/s/poppins/v24/pxiByp8kv8JHgFVrLGT9Z1JlFc-K.woff2’ saved [5484/5484]

--2026-06-12 04:27:51--  https://cdn.spacebilliard.com/easyio-gfont/s/poppins/v24/pxiByp8kv8JHgFVrLGT9Z1xlFQ.woff2
Reusing existing connection to cdn.spacebilliard.com:443.
HTTP request sent, awaiting response... 200 OK
Length: 7748 (7.6K) [font/woff2]
Saving to: ‘cdn.spacebilliard.com/easyio-gfont/s/poppins/v24/pxiByp8kv8JHgFVrLGT9Z1xlFQ.woff2’

     0K .......                                               100% 49.9M=0s

2026-06-12 04:27:51 (49.9 MB/s) - ‘cdn.spacebilliard.com/easyio-gfont/s/poppins/v24/pxiByp8kv8JHgFVrLGT9Z1xlFQ.woff2’ saved [7748/7748]

--2026-06-12 04:27:51--  https://cdn.spacebilliard.com/easyio-gfont/s/poppins/v24/pxiByp8kv8JHgFVrLEj6Z11lFc-K.woff2
Reusing existing connection to cdn.spacebilliard.com:443.
HTTP request sent, awaiting response... 200 OK
Length: 39292 (38K) [font/woff2]
Saving to: ‘cdn.spacebilliard.com/easyio-gfont/s/poppins/v24/pxiByp8kv8JHgFVrLEj6Z11lFc-K.woff2’

     0K .......... .......... .......... ........             100% 10.7M=0.003s

2026-06-12 04:27:51 (10.7 MB/s) - ‘cdn.spacebilliard.com/easyio-gfont/s/poppins/v24/pxiByp8kv8JHgFVrLEj6Z11lFc-K.woff2’ saved [39292/39292]

--2026-06-12 04:27:51--  https://cdn.spacebilliard.com/easyio-gfont/s/poppins/v24/pxiByp8kv8JHgFVrLEj6Z1JlFc-K.woff2
Reusing existing connection to cdn.spacebilliard.com:443.
HTTP request sent, awaiting response... 200 OK
Length: 5524 (5.4K) [font/woff2]
Saving to: ‘cdn.spacebilliard.com/easyio-gfont/s/poppins/v24/pxiByp8kv8JHgFVrLEj6Z1JlFc-K.woff2’

     0K .....                                                 100% 8.74M=0.001s

2026-06-12 04:27:51 (8.74 MB/s) - ‘cdn.spacebilliard.com/easyio-gfont/s/poppins/v24/pxiByp8kv8JHgFVrLEj6Z1JlFc-K.woff2’ saved [5524/5524]

--2026-06-12 04:27:51--  https://cdn.spacebilliard.com/easyio-gfont/s/poppins/v24/pxiByp8kv8JHgFVrLEj6Z1xlFQ.woff2
Reusing existing connection to cdn.spacebilliard.com:443.
HTTP request sent, awaiting response... 200 OK
Length: 8000 (7.8K) [font/woff2]
Saving to: ‘cdn.spacebilliard.com/easyio-gfont/s/poppins/v24/pxiByp8kv8JHgFVrLEj6Z1xlFQ.woff2’

     0K .......                                               100% 72.0M=0s

2026-06-12 04:27:52 (72.0 MB/s) - ‘cdn.spacebilliard.com/easyio-gfont/s/poppins/v24/pxiByp8kv8JHgFVrLEj6Z1xlFQ.woff2’ saved [8000/8000]

--2026-06-12 04:27:52--  https://cdn.spacebilliard.com/easyio-gfont/s/poppins/v24/pxiByp8kv8JHgFVrLCz7Z11lFc-K.woff2
Reusing existing connection to cdn.spacebilliard.com:443.
HTTP request sent, awaiting response... 200 OK
Length: 39252 (38K) [font/woff2]
Saving to: ‘cdn.spacebilliard.com/easyio-gfont/s/poppins/v24/pxiByp8kv8JHgFVrLCz7Z11lFc-K.woff2’

     0K .......... .......... .......... ........             100% 2.89M=0.01s

2026-06-12 04:27:52 (2.89 MB/s) - ‘cdn.spacebilliard.com/easyio-gfont/s/poppins/v24/pxiByp8kv8JHgFVrLCz7Z11lFc-K.woff2’ saved [39252/39252]

--2026-06-12 04:27:52--  https://cdn.spacebilliard.com/easyio-gfont/s/poppins/v24/pxiByp8kv8JHgFVrLCz7Z1JlFc-K.woff2
Reusing existing connection to cdn.spacebilliard.com:443.
HTTP request sent, awaiting response... 200 OK
Length: 5432 (5.3K) [font/woff2]
Saving to: ‘cdn.spacebilliard.com/easyio-gfont/s/poppins/v24/pxiByp8kv8JHgFVrLCz7Z1JlFc-K.woff2’

     0K .....                                                 100%  247M=0s

2026-06-12 04:27:52 (247 MB/s) - ‘cdn.spacebilliard.com/easyio-gfont/s/poppins/v24/pxiByp8kv8JHgFVrLCz7Z1JlFc-K.woff2’ saved [5432/5432]

--2026-06-12 04:27:52--  https://cdn.spacebilliard.com/easyio-gfont/s/poppins/v24/pxiByp8kv8JHgFVrLCz7Z1xlFQ.woff2
Reusing existing connection to cdn.spacebilliard.com:443.
HTTP request sent, awaiting response... 200 OK
Length: 7816 (7.6K) [font/woff2]
Saving to: ‘cdn.spacebilliard.com/easyio-gfont/s/poppins/v24/pxiByp8kv8JHgFVrLCz7Z1xlFQ.woff2’

     0K .......                                               100% 3.64G=0s

2026-06-12 04:27:52 (3.64 GB/s) - ‘cdn.spacebilliard.com/easyio-gfont/s/poppins/v24/pxiByp8kv8JHgFVrLCz7Z1xlFQ.woff2’ saved [7816/7816]

--2026-06-12 04:27:52--  https://cdn.spacebilliard.com/easyio-gfont/s/poppins/v24/pxiByp8kv8JHgFVrLDD4Z11lFc-K.woff2
Reusing existing connection to cdn.spacebilliard.com:443.
HTTP request sent, awaiting response... 200 OK
Length: 38940 (38K) [font/woff2]
Saving to: ‘cdn.spacebilliard.com/easyio-gfont/s/poppins/v24/pxiByp8kv8JHgFVrLDD4Z11lFc-K.woff2’

     0K .......... .......... .......... ........             100% 10.8M=0.003s

2026-06-12 04:27:52 (10.8 MB/s) - ‘cdn.spacebilliard.com/easyio-gfont/s/poppins/v24/pxiByp8kv8JHgFVrLDD4Z11lFc-K.woff2’ saved [38940/38940]

--2026-06-12 04:27:52--  https://cdn.spacebilliard.com/easyio-gfont/s/poppins/v24/pxiByp8kv8JHgFVrLDD4Z1JlFc-K.woff2
Reusing existing connection to cdn.spacebilliard.com:443.
HTTP request sent, awaiting response... 200 OK
Length: 5492 (5.4K) [font/woff2]
Saving to: ‘cdn.spacebilliard.com/easyio-gfont/s/poppins/v24/pxiByp8kv8JHgFVrLDD4Z1JlFc-K.woff2’

     0K .....                                                 100% 19.0M=0s

2026-06-12 04:27:52 (19.0 MB/s) - ‘cdn.spacebilliard.com/easyio-gfont/s/poppins/v24/pxiByp8kv8JHgFVrLDD4Z1JlFc-K.woff2’ saved [5492/5492]

--2026-06-12 04:27:52--  https://cdn.spacebilliard.com/easyio-gfont/s/poppins/v24/pxiByp8kv8JHgFVrLDD4Z1xlFQ.woff2
Reusing existing connection to cdn.spacebilliard.com:443.
HTTP request sent, awaiting response... 200 OK
Length: 7824 (7.6K) [font/woff2]
Saving to: ‘cdn.spacebilliard.com/easyio-gfont/s/poppins/v24/pxiByp8kv8JHgFVrLDD4Z1xlFQ.woff2’

     0K .......                                               100%  159M=0s

2026-06-12 04:27:52 (159 MB/s) - ‘cdn.spacebilliard.com/easyio-gfont/s/poppins/v24/pxiByp8kv8JHgFVrLDD4Z1xlFQ.woff2’ saved [7824/7824]

--2026-06-12 04:27:52--  https://cdn.spacebilliard.com/easyio-gfont/s/poppins/v24/pxiByp8kv8JHgFVrLBT5Z11lFc-K.woff2
Reusing existing connection to cdn.spacebilliard.com:443.
HTTP request sent, awaiting response... 200 OK
Length: 38192 (37K) [font/woff2]
Saving to: ‘cdn.spacebilliard.com/easyio-gfont/s/poppins/v24/pxiByp8kv8JHgFVrLBT5Z11lFc-K.woff2’

     0K .......... .......... .......... .......              100% 18.5M=0.002s

2026-06-12 04:27:53 (18.5 MB/s) - ‘cdn.spacebilliard.com/easyio-gfont/s/poppins/v24/pxiByp8kv8JHgFVrLBT5Z11lFc-K.woff2’ saved [38192/38192]

--2026-06-12 04:27:53--  https://cdn.spacebilliard.com/easyio-gfont/s/poppins/v24/pxiByp8kv8JHgFVrLBT5Z1JlFc-K.woff2
Reusing existing connection to cdn.spacebilliard.com:443.
HTTP request sent, awaiting response... 200 OK
Length: 5380 (5.3K) [font/woff2]
Saving to: ‘cdn.spacebilliard.com/easyio-gfont/s/poppins/v24/pxiByp8kv8JHgFVrLBT5Z1JlFc-K.woff2’

     0K .....                                                 100%  171M=0s

2026-06-12 04:27:53 (171 MB/s) - ‘cdn.spacebilliard.com/easyio-gfont/s/poppins/v24/pxiByp8kv8JHgFVrLBT5Z1JlFc-K.woff2’ saved [5380/5380]

--2026-06-12 04:27:53--  https://cdn.spacebilliard.com/easyio-gfont/s/poppins/v24/pxiByp8kv8JHgFVrLBT5Z1xlFQ.woff2
Reusing existing connection to cdn.spacebilliard.com:443.
HTTP request sent, awaiting response... 200 OK
Length: 7632 (7.5K) [font/woff2]
Saving to: ‘cdn.spacebilliard.com/easyio-gfont/s/poppins/v24/pxiByp8kv8JHgFVrLBT5Z1xlFQ.woff2’

     0K .......                                               100% 10.5M=0.001s

2026-06-12 04:27:53 (10.5 MB/s) - ‘cdn.spacebilliard.com/easyio-gfont/s/poppins/v24/pxiByp8kv8JHgFVrLBT5Z1xlFQ.woff2’ saved [7632/7632]

--2026-06-12 04:27:53--  https://cdn.spacebilliard.com/easyio-gfont/s/roboto/v51/KFO5CnqEu92Fr1Mu53ZEC9_Vu3r1gIhOszmkC3kaWzU.woff2
Reusing existing connection to cdn.spacebilliard.com:443.
HTTP request sent, awaiting response... 200 OK
Length: 40480 (40K) [font/woff2]
Saving to: ‘cdn.spacebilliard.com/easyio-gfont/s/roboto/v51/KFO5CnqEu92Fr1Mu53ZEC9_Vu3r1gIhOszmkC3kaWzU.woff2’

     0K .......... .......... .......... .........            100% 13.5M=0.003s

2026-06-12 04:27:53 (13.5 MB/s) - ‘cdn.spacebilliard.com/easyio-gfont/s/roboto/v51/KFO5CnqEu92Fr1Mu53ZEC9_Vu3r1gIhOszmkC3kaWzU.woff2’ saved [40480/40480]

--2026-06-12 04:27:53--  https://cdn.spacebilliard.com/easyio-gfont/s/roboto/v51/KFO5CnqEu92Fr1Mu53ZEC9_Vu3r1gIhOszmkAnkaWzU.woff2
Reusing existing connection to cdn.spacebilliard.com:443.
HTTP request sent, awaiting response... 200 OK
Length: 25464 (25K) [font/woff2]
Saving to: ‘cdn.spacebilliard.com/easyio-gfont/s/roboto/v51/KFO5CnqEu92Fr1Mu53ZEC9_Vu3r1gIhOszmkAnkaWzU.woff2’

     0K .......... .......... ....                            100% 8.85M=0.003s

2026-06-12 04:27:53 (8.85 MB/s) - ‘cdn.spacebilliard.com/easyio-gfont/s/roboto/v51/KFO5CnqEu92Fr1Mu53ZEC9_Vu3r1gIhOszmkAnkaWzU.woff2’ saved [25464/25464]

--2026-06-12 04:27:53--  https://cdn.spacebilliard.com/easyio-gfont/s/roboto/v51/KFO5CnqEu92Fr1Mu53ZEC9_Vu3r1gIhOszmkCnkaWzU.woff2
Reusing existing connection to cdn.spacebilliard.com:443.
HTTP request sent, awaiting response... 200 OK
Length: 4452 (4.3K) [font/woff2]
Saving to: ‘cdn.spacebilliard.com/easyio-gfont/s/roboto/v51/KFO5CnqEu92Fr1Mu53ZEC9_Vu3r1gIhOszmkCnkaWzU.woff2’

     0K ....                                                  100% 17.0M=0s

2026-06-12 04:27:53 (17.0 MB/s) - ‘cdn.spacebilliard.com/easyio-gfont/s/roboto/v51/KFO5CnqEu92Fr1Mu53ZEC9_Vu3r1gIhOszmkCnkaWzU.woff2’ saved [4452/4452]

--2026-06-12 04:27:53--  https://cdn.spacebilliard.com/easyio-gfont/s/roboto/v51/KFO5CnqEu92Fr1Mu53ZEC9_Vu3r1gIhOszmkBXkaWzU.woff2
Reusing existing connection to cdn.spacebilliard.com:443.
HTTP request sent, awaiting response... 200 OK
Length: 18780 (18K) [font/woff2]
Saving to: ‘cdn.spacebilliard.com/easyio-gfont/s/roboto/v51/KFO5CnqEu92Fr1Mu53ZEC9_Vu3r1gIhOszmkBXkaWzU.woff2’

     0K .......... ........                                   100% 2.16M=0.008s

2026-06-12 04:27:53 (2.16 MB/s) - ‘cdn.spacebilliard.com/easyio-gfont/s/roboto/v51/KFO5CnqEu92Fr1Mu53ZEC9_Vu3r1gIhOszmkBXkaWzU.woff2’ saved [18780/18780]

--2026-06-12 04:27:53--  https://cdn.spacebilliard.com/easyio-gfont/s/roboto/v51/KFO5CnqEu92Fr1Mu53ZEC9_Vu3r1gIhOszmkenkaWzU.woff2
Reusing existing connection to cdn.spacebilliard.com:443.
HTTP request sent, awaiting response... 200 OK
Length: 45184 (44K) [font/woff2]
Saving to: ‘cdn.spacebilliard.com/easyio-gfont/s/roboto/v51/KFO5CnqEu92Fr1Mu53ZEC9_Vu3r1gIhOszmkenkaWzU.woff2’

     0K .......... .......... .......... .......... ....      100% 20.3M=0.002s

2026-06-12 04:27:53 (20.3 MB/s) - ‘cdn.spacebilliard.com/easyio-gfont/s/roboto/v51/KFO5CnqEu92Fr1Mu53ZEC9_Vu3r1gIhOszmkenkaWzU.woff2’ saved [45184/45184]

--2026-06-12 04:27:53--  https://cdn.spacebilliard.com/easyio-gfont/s/roboto/v51/KFO5CnqEu92Fr1Mu53ZEC9_Vu3r1gIhOszmkaHkaWzU.woff2
Reusing existing connection to cdn.spacebilliard.com:443.
HTTP request sent, awaiting response... 200 OK
Length: 22440 (22K) [font/woff2]
Saving to: ‘cdn.spacebilliard.com/easyio-gfont/s/roboto/v51/KFO5CnqEu92Fr1Mu53ZEC9_Vu3r1gIhOszmkaHkaWzU.woff2’

     0K .......... .......... .                               100% 9.01M=0.002s

2026-06-12 04:27:53 (9.01 MB/s) - ‘cdn.spacebilliard.com/easyio-gfont/s/roboto/v51/KFO5CnqEu92Fr1Mu53ZEC9_Vu3r1gIhOszmkaHkaWzU.woff2’ saved [22440/22440]

--2026-06-12 04:27:53--  https://cdn.spacebilliard.com/easyio-gfont/s/roboto/v51/KFO5CnqEu92Fr1Mu53ZEC9_Vu3r1gIhOszmkCXkaWzU.woff2
Reusing existing connection to cdn.spacebilliard.com:443.
HTTP request sent, awaiting response... 200 OK
Length: 15344 (15K) [font/woff2]
Saving to: ‘cdn.spacebilliard.com/easyio-gfont/s/roboto/v51/KFO5CnqEu92Fr1Mu53ZEC9_Vu3r1gIhOszmkCXkaWzU.woff2’

     0K .......... ....                                       100% 19.8M=0.001s

2026-06-12 04:27:54 (19.8 MB/s) - ‘cdn.spacebilliard.com/easyio-gfont/s/roboto/v51/KFO5CnqEu92Fr1Mu53ZEC9_Vu3r1gIhOszmkCXkaWzU.woff2’ saved [15344/15344]

--2026-06-12 04:27:54--  https://cdn.spacebilliard.com/easyio-gfont/s/roboto/v51/KFO5CnqEu92Fr1Mu53ZEC9_Vu3r1gIhOszmkCHkaWzU.woff2
Reusing existing connection to cdn.spacebilliard.com:443.
HTTP request sent, awaiting response... 200 OK
Length: 31820 (31K) [font/woff2]
Saving to: ‘cdn.spacebilliard.com/easyio-gfont/s/roboto/v51/KFO5CnqEu92Fr1Mu53ZEC9_Vu3r1gIhOszmkCHkaWzU.woff2’

     0K .......... .......... .......... .                    100% 10.7M=0.003s

2026-06-12 04:27:54 (10.7 MB/s) - ‘cdn.spacebilliard.com/easyio-gfont/s/roboto/v51/KFO5CnqEu92Fr1Mu53ZEC9_Vu3r1gIhOszmkCHkaWzU.woff2’ saved [31820/31820]

--2026-06-12 04:27:54--  https://cdn.spacebilliard.com/easyio-gfont/s/roboto/v51/KFO5CnqEu92Fr1Mu53ZEC9_Vu3r1gIhOszmkBnka.woff2
Reusing existing connection to cdn.spacebilliard.com:443.
HTTP request sent, awaiting response... 200 OK
Length: 47208 (46K) [font/woff2]
Saving to: ‘cdn.spacebilliard.com/easyio-gfont/s/roboto/v51/KFO5CnqEu92Fr1Mu53ZEC9_Vu3r1gIhOszmkBnka.woff2’

     0K .......... .......... .......... .......... ......    100% 10.1M=0.004s

2026-06-12 04:27:54 (10.1 MB/s) - ‘cdn.spacebilliard.com/easyio-gfont/s/roboto/v51/KFO5CnqEu92Fr1Mu53ZEC9_Vu3r1gIhOszmkBnka.woff2’ saved [47208/47208]

--2026-06-12 04:27:54--  https://cdn.spacebilliard.com/easyio-gfont/s/roboto/v51/KFO7CnqEu92Fr1ME7kSn66aGLdTylUAMa3GUBGEe.woff2
Reusing existing connection to cdn.spacebilliard.com:443.
HTTP request sent, awaiting response... 200 OK
Length: 36652 (36K) [font/woff2]
Saving to: ‘cdn.spacebilliard.com/easyio-gfont/s/roboto/v51/KFO7CnqEu92Fr1ME7kSn66aGLdTylUAMa3GUBGEe.woff2’

     0K .......... .......... .......... .....                100% 24.2M=0.001s

2026-06-12 04:27:54 (24.2 MB/s) - ‘cdn.spacebilliard.com/easyio-gfont/s/roboto/v51/KFO7CnqEu92Fr1ME7kSn66aGLdTylUAMa3GUBGEe.woff2’ saved [36652/36652]

--2026-06-12 04:27:54--  https://cdn.spacebilliard.com/easyio-gfont/s/roboto/v51/KFO7CnqEu92Fr1ME7kSn66aGLdTylUAMa3iUBGEe.woff2
Reusing existing connection to cdn.spacebilliard.com:443.
HTTP request sent, awaiting response... 200 OK
Length: 23664 (23K) [font/woff2]
Saving to: ‘cdn.spacebilliard.com/easyio-gfont/s/roboto/v51/KFO7CnqEu92Fr1ME7kSn66aGLdTylUAMa3iUBGEe.woff2’

     0K .......... .......... ...                             100% 6.46M=0.003s

2026-06-12 04:27:54 (6.46 MB/s) - ‘cdn.spacebilliard.com/easyio-gfont/s/roboto/v51/KFO7CnqEu92Fr1ME7kSn66aGLdTylUAMa3iUBGEe.woff2’ saved [23664/23664]

--2026-06-12 04:27:54--  https://cdn.spacebilliard.com/easyio-gfont/s/roboto/v51/KFO7CnqEu92Fr1ME7kSn66aGLdTylUAMa3CUBGEe.woff2
Reusing existing connection to cdn.spacebilliard.com:443.
HTTP request sent, awaiting response... 200 OK
Length: 4348 (4.2K) [font/woff2]
Saving to: ‘cdn.spacebilliard.com/easyio-gfont/s/roboto/v51/KFO7CnqEu92Fr1ME7kSn66aGLdTylUAMa3CUBGEe.woff2’

     0K ....                                                  100% 8.82M=0s

2026-06-12 04:27:54 (8.82 MB/s) - ‘cdn.spacebilliard.com/easyio-gfont/s/roboto/v51/KFO7CnqEu92Fr1ME7kSn66aGLdTylUAMa3CUBGEe.woff2’ saved [4348/4348]

--2026-06-12 04:27:54--  https://cdn.spacebilliard.com/easyio-gfont/s/roboto/v51/KFO7CnqEu92Fr1ME7kSn66aGLdTylUAMa3-UBGEe.woff2
Reusing existing connection to cdn.spacebilliard.com:443.
HTTP request sent, awaiting response... 200 OK
Length: 17624 (17K) [font/woff2]
Saving to: ‘cdn.spacebilliard.com/easyio-gfont/s/roboto/v51/KFO7CnqEu92Fr1ME7kSn66aGLdTylUAMa3-UBGEe.woff2’

     0K .......... .......                                    100% 10.3M=0.002s

2026-06-12 04:27:54 (10.3 MB/s) - ‘cdn.spacebilliard.com/easyio-gfont/s/roboto/v51/KFO7CnqEu92Fr1ME7kSn66aGLdTylUAMa3-UBGEe.woff2’ saved [17624/17624]

--2026-06-12 04:27:54--  https://cdn.spacebilliard.com/easyio-gfont/s/roboto/v51/KFO7CnqEu92Fr1ME7kSn66aGLdTylUAMawCUBGEe.woff2
Reusing existing connection to cdn.spacebilliard.com:443.
HTTP request sent, awaiting response... 200 OK
Length: 41348 (40K) [font/woff2]
Saving to: ‘cdn.spacebilliard.com/easyio-gfont/s/roboto/v51/KFO7CnqEu92Fr1ME7kSn66aGLdTylUAMawCUBGEe.woff2’

     0K .......... .......... .......... ..........           100% 9.07M=0.004s

2026-06-12 04:27:54 (9.07 MB/s) - ‘cdn.spacebilliard.com/easyio-gfont/s/roboto/v51/KFO7CnqEu92Fr1ME7kSn66aGLdTylUAMawCUBGEe.woff2’ saved [41348/41348]

--2026-06-12 04:27:54--  https://cdn.spacebilliard.com/easyio-gfont/s/roboto/v51/KFO7CnqEu92Fr1ME7kSn66aGLdTylUAMaxKUBGEe.woff2
Reusing existing connection to cdn.spacebilliard.com:443.
HTTP request sent, awaiting response... 200 OK
Length: 20556 (20K) [font/woff2]
Saving to: ‘cdn.spacebilliard.com/easyio-gfont/s/roboto/v51/KFO7CnqEu92Fr1ME7kSn66aGLdTylUAMaxKUBGEe.woff2’

     0K .......... ..........                                 100% 24.9M=0.001s

2026-06-12 04:27:55 (24.9 MB/s) - ‘cdn.spacebilliard.com/easyio-gfont/s/roboto/v51/KFO7CnqEu92Fr1ME7kSn66aGLdTylUAMaxKUBGEe.woff2’ saved [20556/20556]

--2026-06-12 04:27:55--  https://cdn.spacebilliard.com/easyio-gfont/s/roboto/v51/KFO7CnqEu92Fr1ME7kSn66aGLdTylUAMa3OUBGEe.woff2
Reusing existing connection to cdn.spacebilliard.com:443.
HTTP request sent, awaiting response... 200 OK
Length: 14340 (14K) [font/woff2]
Saving to: ‘cdn.spacebilliard.com/easyio-gfont/s/roboto/v51/KFO7CnqEu92Fr1ME7kSn66aGLdTylUAMa3OUBGEe.woff2’

     0K .......... ....                                       100% 13.1M=0.001s

2026-06-12 04:27:55 (13.1 MB/s) - ‘cdn.spacebilliard.com/easyio-gfont/s/roboto/v51/KFO7CnqEu92Fr1ME7kSn66aGLdTylUAMa3OUBGEe.woff2’ saved [14340/14340]

--2026-06-12 04:27:55--  https://cdn.spacebilliard.com/easyio-gfont/s/roboto/v51/KFO7CnqEu92Fr1ME7kSn66aGLdTylUAMa3KUBGEe.woff2
Reusing existing connection to cdn.spacebilliard.com:443.
HTTP request sent, awaiting response... 200 OK
Length: 29392 (29K) [font/woff2]
Saving to: ‘cdn.spacebilliard.com/easyio-gfont/s/roboto/v51/KFO7CnqEu92Fr1ME7kSn66aGLdTylUAMa3KUBGEe.woff2’

     0K .......... .......... ........                        100% 27.8M=0.001s

2026-06-12 04:27:55 (27.8 MB/s) - ‘cdn.spacebilliard.com/easyio-gfont/s/roboto/v51/KFO7CnqEu92Fr1ME7kSn66aGLdTylUAMa3KUBGEe.woff2’ saved [29392/29392]

--2026-06-12 04:27:55--  https://cdn.spacebilliard.com/easyio-gfont/s/roboto/v51/KFO7CnqEu92Fr1ME7kSn66aGLdTylUAMa3yUBA.woff2
Reusing existing connection to cdn.spacebilliard.com:443.
HTTP request sent, awaiting response... 200 OK
Length: 43136 (42K) [font/woff2]
Saving to: ‘cdn.spacebilliard.com/easyio-gfont/s/roboto/v51/KFO7CnqEu92Fr1ME7kSn66aGLdTylUAMa3yUBA.woff2’

     0K .......... .......... .......... .......... ..        100% 10.3M=0.004s

2026-06-12 04:27:55 (10.3 MB/s) - ‘cdn.spacebilliard.com/easyio-gfont/s/roboto/v51/KFO7CnqEu92Fr1ME7kSn66aGLdTylUAMa3yUBA.woff2’ saved [43136/43136]

--2026-06-12 04:27:55--  https://cdn.spacebilliard.com/wordpress/wp-content/plugins/divi-mobile/styles/burger-menu-styles.min.css?ver=1.9.2
Reusing existing connection to cdn.spacebilliard.com:443.
HTTP request sent, awaiting response... 200 OK
Length: unspecified [text/css]
Saving to: ‘cdn.spacebilliard.com/wordpress/wp-content/plugins/divi-mobile/styles/burger-menu-styles.min.css?ver=1.9.2.css’

     0K .......... ..........                                  12.8M=0.002s

2026-06-12 04:27:55 (12.8 MB/s) - ‘cdn.spacebilliard.com/wordpress/wp-content/plugins/divi-mobile/styles/burger-menu-styles.min.css?ver=1.9.2.css’ saved [20974]

--2026-06-12 04:27:55--  https://cdn.spacebilliard.com/wordpress/wp-content/plugins/divi-mobile/styles/frontend-general.min.css?ver=1.9.2
Reusing existing connection to cdn.spacebilliard.com:443.
HTTP request sent, awaiting response... 200 OK
Length: unspecified [text/css]
Saving to: ‘cdn.spacebilliard.com/wordpress/wp-content/plugins/divi-mobile/styles/frontend-general.min.css?ver=1.9.2.css’

     0K ..                                                     19.2M=0s

2026-06-12 04:27:55 (19.2 MB/s) - ‘cdn.spacebilliard.com/wordpress/wp-content/plugins/divi-mobile/styles/frontend-general.min.css?ver=1.9.2.css’ saved [2480]

--2026-06-12 04:27:55--  https://cdn.spacebilliard.com/wordpress/wp-content/themes/Divi/includes/builder/styles/images/preloader.gif
Reusing existing connection to cdn.spacebilliard.com:443.
HTTP request sent, awaiting response... 200 OK
Length: 9427 (9.2K) [image/gif]
Saving to: ‘cdn.spacebilliard.com/wordpress/wp-content/themes/Divi/includes/builder/styles/images/preloader.gif’

     0K .........                                             100% 23.7M=0s

2026-06-12 04:27:55 (23.7 MB/s) - ‘cdn.spacebilliard.com/wordpress/wp-content/themes/Divi/includes/builder/styles/images/preloader.gif’ saved [9427/9427]

--2026-06-12 04:27:55--  https://cdn.spacebilliard.com/wordpress/wp-content/uploads/font-awesome/v6.5.2/css/svg-with-js.css?m=872
Reusing existing connection to cdn.spacebilliard.com:443.
HTTP request sent, awaiting response... 200 OK
Length: unspecified [text/css]
Saving to: ‘cdn.spacebilliard.com/wordpress/wp-content/uploads/font-awesome/v6.5.2/css/svg-with-js.css?m=872.css’

     0K .......... ......                                      22.0M=0.001s

2026-06-12 04:27:55 (22.0 MB/s) - ‘cdn.spacebilliard.com/wordpress/wp-content/uploads/font-awesome/v6.5.2/css/svg-with-js.css?m=872.css’ saved [17011]

--2026-06-12 04:27:55--  https://cdn.spacebilliard.com/wordpress/wp-content/plugins/divi-mobile/styles/expand-shape/circle-expand.min.css?ver=1.9.2
Reusing existing connection to cdn.spacebilliard.com:443.
HTTP request sent, awaiting response... 200 OK
Length: unspecified [text/css]
Saving to: ‘cdn.spacebilliard.com/wordpress/wp-content/plugins/divi-mobile/styles/expand-shape/circle-expand.min.css?ver=1.9.2.css’

     0K ...                                                    1.97M=0.002s

2026-06-12 04:27:55 (1.97 MB/s) - ‘cdn.spacebilliard.com/wordpress/wp-content/plugins/divi-mobile/styles/expand-shape/circle-expand.min.css?ver=1.9.2.css’ saved [3835]

--2026-06-12 04:27:55--  https://cdn.spacebilliard.com/wordpress/wp-content/plugins/divi-mobile/css/divi-mobile-stop-stacking.min.css?ver=3bf5ad4a698112c4f104740df7703b43
Reusing existing connection to cdn.spacebilliard.com:443.
HTTP request sent, awaiting response... 200 OK
Length: unspecified [text/css]
Saving to: ‘cdn.spacebilliard.com/wordpress/wp-content/plugins/divi-mobile/css/divi-mobile-stop-stacking.min.css?ver=3bf5ad4a698112c4f104740df7703b43.css’

     0K .......... ......                                      12.7M=0.001s

2026-06-12 04:27:55 (12.7 MB/s) - ‘cdn.spacebilliard.com/wordpress/wp-content/plugins/divi-mobile/css/divi-mobile-stop-stacking.min.css?ver=3bf5ad4a698112c4f104740df7703b43.css’ saved [16564]

--2026-06-12 04:27:55--  https://cdn.spacebilliard.com/wordpress/wp-content/plugins/3d-flipbook-dflip-lite/assets/css/dflip.min.css?ver=2.4.30
Reusing existing connection to cdn.spacebilliard.com:443.
HTTP request sent, awaiting response... 200 OK
Length: unspecified [text/css]
Saving to: ‘cdn.spacebilliard.com/wordpress/wp-content/plugins/3d-flipbook-dflip-lite/assets/css/dflip.min.css?ver=2.4.30.css’

     0K .......... .......... .......... .......... .......... 21.1M
    50K ..                                                     40.7K=0.002s

2026-06-12 04:27:55 (22.0 MB/s) - ‘cdn.spacebilliard.com/wordpress/wp-content/plugins/3d-flipbook-dflip-lite/assets/css/dflip.min.css?ver=2.4.30.css’ saved [53285]

--2026-06-12 04:27:55--  https://cdn.spacebilliard.com/wordpress/wp-content/themes/Divi/includes/builder/styles/images/preloader.gif?strip=all&sharp=1
Reusing existing connection to cdn.spacebilliard.com:443.
HTTP request sent, awaiting response... 200 OK
Length: 9427 (9.2K) [image/gif]
Saving to: ‘cdn.spacebilliard.com/wordpress/wp-content/themes/Divi/includes/builder/styles/images/preloader.gif?strip=all&sharp=1’

     0K .........                                             100% 6.47M=0.001s

2026-06-12 04:27:55 (6.47 MB/s) - ‘cdn.spacebilliard.com/wordpress/wp-content/themes/Divi/includes/builder/styles/images/preloader.gif?strip=all&sharp=1’ saved [9427/9427]

--2026-06-12 04:27:55--  https://cdn.spacebilliard.com/wordpress/wp-content/themes/Divi/core/admin/fonts/modules/all/modules.eot
Reusing existing connection to cdn.spacebilliard.com:443.
HTTP request sent, awaiting response... 200 OK
Length: unspecified [application/vnd.ms-fontobject]
Saving to: ‘cdn.spacebilliard.com/wordpress/wp-content/themes/Divi/core/admin/fonts/modules/all/modules.eot’

     0K .......... .......... .......... .......... .......... 24.1M
    50K .......... .......... .......... ..........            14.3M=0.005s

2026-06-12 04:27:55 (18.5 MB/s) - ‘cdn.spacebilliard.com/wordpress/wp-content/themes/Divi/core/admin/fonts/modules/all/modules.eot’ saved [92204]

--2026-06-12 04:27:55--  https://cdn.spacebilliard.com/wordpress/wp-content/themes/Divi/core/admin/fonts/modules/all/modules.eot?
Reusing existing connection to cdn.spacebilliard.com:443.
HTTP request sent, awaiting response... 200 OK
Length: unspecified [application/vnd.ms-fontobject]
Saving to: ‘cdn.spacebilliard.com/wordpress/wp-content/themes/Divi/core/admin/fonts/modules/all/modules.eot?’

     0K .......... .......... .......... .......... .......... 17.4M
    50K .......... .......... .......... ..........            46.2M=0.004s

2026-06-12 04:27:55 (24.1 MB/s) - ‘cdn.spacebilliard.com/wordpress/wp-content/themes/Divi/core/admin/fonts/modules/all/modules.eot?’ saved [92204]

--2026-06-12 04:27:55--  https://cdn.spacebilliard.com/wordpress/wp-content/themes/Divi/core/admin/fonts/modules/all/modules.woff
Reusing existing connection to cdn.spacebilliard.com:443.
HTTP request sent, awaiting response... 200 OK
Length: 92084 (90K) [font/woff]
Saving to: ‘cdn.spacebilliard.com/wordpress/wp-content/themes/Divi/core/admin/fonts/modules/all/modules.woff’

     0K .......... .......... .......... .......... .......... 55% 4.08M 0s
    50K .......... .......... .......... .........            100% 5.24M=0.02s

2026-06-12 04:27:56 (4.52 MB/s) - ‘cdn.spacebilliard.com/wordpress/wp-content/themes/Divi/core/admin/fonts/modules/all/modules.woff’ saved [92084/92084]

--2026-06-12 04:27:56--  https://cdn.spacebilliard.com/wordpress/wp-content/themes/Divi/core/admin/fonts/modules/all/modules.ttf
Reusing existing connection to cdn.spacebilliard.com:443.
HTTP request sent, awaiting response... 200 OK
Length: 92032 (90K) [font/ttf]
Saving to: ‘cdn.spacebilliard.com/wordpress/wp-content/themes/Divi/core/admin/fonts/modules/all/modules.ttf’

     0K .......... .......... .......... .......... .......... 55% 4.70M 0s
    50K .......... .......... .......... .........            100% 4.24M=0.02s

2026-06-12 04:27:56 (4.48 MB/s) - ‘cdn.spacebilliard.com/wordpress/wp-content/themes/Divi/core/admin/fonts/modules/all/modules.ttf’ saved [92032/92032]

--2026-06-12 04:27:56--  https://cdn.spacebilliard.com/wordpress/wp-content/themes/Divi/core/admin/fonts/modules/all/modules.svg
Reusing existing connection to cdn.spacebilliard.com:443.
HTTP request sent, awaiting response... 200 OK
Length: unspecified [image/svg+xml]
Saving to: ‘cdn.spacebilliard.com/wordpress/wp-content/themes/Divi/core/admin/fonts/modules/all/modules.svg’

     0K .......... .......... .......... .......... .......... 7.61M
    50K .......... .......... .......... .......... .......... 11.3M
   100K .......... .......... .......... .......... .......... 7.35M
   150K .......... .......... .......... .......... .......... 9.46M
   200K .......... .......... .......... .......... .......... 9.45M
   250K .......... .......... .......... .......... ..         9.11M=0.03s

2026-06-12 04:27:56 (8.85 MB/s) - ‘cdn.spacebilliard.com/wordpress/wp-content/themes/Divi/core/admin/fonts/modules/all/modules.svg’ saved [299199]

--2026-06-12 04:27:56--  https://cdn.spacebilliard.com/wordpress/wp-content/themes/Divi/core/admin/fonts/fontawesome/fa-regular-400.eot
Reusing existing connection to cdn.spacebilliard.com:443.
HTTP request sent, awaiting response... 200 OK
Length: unspecified [application/vnd.ms-fontobject]
Saving to: ‘cdn.spacebilliard.com/wordpress/wp-content/themes/Divi/core/admin/fonts/fontawesome/fa-regular-400.eot’

     0K .......... .......... .......... ...                   3.27M=0.01s

2026-06-12 04:27:56 (3.27 MB/s) - ‘cdn.spacebilliard.com/wordpress/wp-content/themes/Divi/core/admin/fonts/fontawesome/fa-regular-400.eot’ saved [34350]

--2026-06-12 04:27:56--  https://cdn.spacebilliard.com/wordpress/wp-content/themes/Divi/core/admin/fonts/fontawesome/fa-regular-400.eot?
Reusing existing connection to cdn.spacebilliard.com:443.
HTTP request sent, awaiting response... 200 OK
Length: unspecified [application/vnd.ms-fontobject]
Saving to: ‘cdn.spacebilliard.com/wordpress/wp-content/themes/Divi/core/admin/fonts/fontawesome/fa-regular-400.eot?’

     0K .......... .......... .......... ...                   9.94M=0.003s

2026-06-12 04:27:56 (9.94 MB/s) - ‘cdn.spacebilliard.com/wordpress/wp-content/themes/Divi/core/admin/fonts/fontawesome/fa-regular-400.eot?’ saved [34350]

--2026-06-12 04:27:56--  https://cdn.spacebilliard.com/wordpress/wp-content/themes/Divi/core/admin/fonts/fontawesome/fa-regular-400.woff2
Reusing existing connection to cdn.spacebilliard.com:443.
HTTP request sent, awaiting response... 200 OK
Length: 13548 (13K) [font/woff2]
Saving to: ‘cdn.spacebilliard.com/wordpress/wp-content/themes/Divi/core/admin/fonts/fontawesome/fa-regular-400.woff2’

     0K .......... ...                                        100% 13.6M=0.001s

2026-06-12 04:27:56 (13.6 MB/s) - ‘cdn.spacebilliard.com/wordpress/wp-content/themes/Divi/core/admin/fonts/fontawesome/fa-regular-400.woff2’ saved [13548/13548]

--2026-06-12 04:27:56--  https://cdn.spacebilliard.com/wordpress/wp-content/themes/Divi/core/admin/fonts/fontawesome/fa-regular-400.woff
Reusing existing connection to cdn.spacebilliard.com:443.
HTTP request sent, awaiting response... 200 OK
Length: 16772 (16K) [font/woff]
Saving to: ‘cdn.spacebilliard.com/wordpress/wp-content/themes/Divi/core/admin/fonts/fontawesome/fa-regular-400.woff’

     0K .......... ......                                     100% 3.64M=0.004s

2026-06-12 04:27:56 (3.64 MB/s) - ‘cdn.spacebilliard.com/wordpress/wp-content/themes/Divi/core/admin/fonts/fontawesome/fa-regular-400.woff’ saved [16772/16772]

--2026-06-12 04:27:56--  https://cdn.spacebilliard.com/wordpress/wp-content/themes/Divi/core/admin/fonts/fontawesome/fa-regular-400.ttf
Reusing existing connection to cdn.spacebilliard.com:443.
HTTP request sent, awaiting response... 200 OK
Length: 34052 (33K) [font/ttf]
Saving to: ‘cdn.spacebilliard.com/wordpress/wp-content/themes/Divi/core/admin/fonts/fontawesome/fa-regular-400.ttf’

     0K .......... .......... .......... ...                  100% 39.7M=0.001s

2026-06-12 04:27:56 (39.7 MB/s) - ‘cdn.spacebilliard.com/wordpress/wp-content/themes/Divi/core/admin/fonts/fontawesome/fa-regular-400.ttf’ saved [34052/34052]

--2026-06-12 04:27:56--  https://cdn.spacebilliard.com/wordpress/wp-content/themes/Divi/core/admin/fonts/fontawesome/fa-regular-400.svg
Reusing existing connection to cdn.spacebilliard.com:443.
HTTP request sent, awaiting response... 200 OK
Length: unspecified [image/svg+xml]
Saving to: ‘cdn.spacebilliard.com/wordpress/wp-content/themes/Divi/core/admin/fonts/fontawesome/fa-regular-400.svg’

     0K .......... .......... .......... .......... .......... 7.40M
    50K .......... .......... .......... .......... .......... 29.9M
   100K .......... .......... .......... .......... .          36.4M=0.009s

2026-06-12 04:27:57 (14.8 MB/s) - ‘cdn.spacebilliard.com/wordpress/wp-content/themes/Divi/core/admin/fonts/fontawesome/fa-regular-400.svg’ saved [144714]

--2026-06-12 04:27:57--  https://cdn.spacebilliard.com/wordpress/wp-content/themes/Divi/core/admin/fonts/fontawesome/fa-solid-900.eot
Reusing existing connection to cdn.spacebilliard.com:443.
HTTP request sent, awaiting response... 200 OK
Length: unspecified [application/vnd.ms-fontobject]
Saving to: ‘cdn.spacebilliard.com/wordpress/wp-content/themes/Divi/core/admin/fonts/fontawesome/fa-solid-900.eot’

     0K .......... .......... .......... .......... .......... 7.47M
    50K .......... .......... .......... .......... .......... 7.38M
   100K .......... .......... .......... .......... .......... 9.16M
   150K .......... .......... .......... .......... .......... 7.20M
   200K                                                         280 =0.03s

2026-06-12 04:27:57 (7.73 MB/s) - ‘cdn.spacebilliard.com/wordpress/wp-content/themes/Divi/core/admin/fonts/fontawesome/fa-solid-900.eot’ saved [204814]

--2026-06-12 04:27:57--  https://cdn.spacebilliard.com/wordpress/wp-content/themes/Divi/core/admin/fonts/fontawesome/fa-solid-900.eot?
Reusing existing connection to cdn.spacebilliard.com:443.
HTTP request sent, awaiting response... 200 OK
Length: unspecified [application/vnd.ms-fontobject]
Saving to: ‘cdn.spacebilliard.com/wordpress/wp-content/themes/Divi/core/admin/fonts/fontawesome/fa-solid-900.eot?’

     0K .......... .......... .......... .......... .......... 7.64M
    50K .......... .......... .......... .......... .......... 7.18M
   100K .......... .......... .......... .......... .......... 10.2M
   150K .......... .......... .......... .......... .......... 10.4M
   200K                                                         280 =0.02s

2026-06-12 04:27:57 (8.60 MB/s) - ‘cdn.spacebilliard.com/wordpress/wp-content/themes/Divi/core/admin/fonts/fontawesome/fa-solid-900.eot?’ saved [204814]

--2026-06-12 04:27:57--  https://cdn.spacebilliard.com/wordpress/wp-content/themes/Divi/core/admin/fonts/fontawesome/fa-solid-900.woff2
Reusing existing connection to cdn.spacebilliard.com:443.
HTTP request sent, awaiting response... 200 OK
Length: 80300 (78K) [font/woff2]
Saving to: ‘cdn.spacebilliard.com/wordpress/wp-content/themes/Divi/core/admin/fonts/fontawesome/fa-solid-900.woff2’

     0K .......... .......... .......... .......... .......... 63% 46.9M 0s
    50K .......... .......... ........                        100% 99.5M=0.001s

2026-06-12 04:27:57 (58.0 MB/s) - ‘cdn.spacebilliard.com/wordpress/wp-content/themes/Divi/core/admin/fonts/fontawesome/fa-solid-900.woff2’ saved [80300/80300]

--2026-06-12 04:27:57--  https://cdn.spacebilliard.com/wordpress/wp-content/themes/Divi/core/admin/fonts/fontawesome/fa-solid-900.woff
Reusing existing connection to cdn.spacebilliard.com:443.
HTTP request sent, awaiting response... 200 OK
Length: 104280 (102K) [font/woff]
Saving to: ‘cdn.spacebilliard.com/wordpress/wp-content/themes/Divi/core/admin/fonts/fontawesome/fa-solid-900.woff’

     0K .......... .......... .......... .......... .......... 49% 5.47M 0s
    50K .......... .......... .......... .......... .......... 98% 5.22M 0s
   100K .                                                     100% 36.7K=0.02s

2026-06-12 04:27:57 (5.44 MB/s) - ‘cdn.spacebilliard.com/wordpress/wp-content/themes/Divi/core/admin/fonts/fontawesome/fa-solid-900.woff’ saved [104280/104280]

--2026-06-12 04:27:57--  https://cdn.spacebilliard.com/wordpress/wp-content/themes/Divi/core/admin/fonts/fontawesome/fa-solid-900.ttf
Reusing existing connection to cdn.spacebilliard.com:443.
HTTP request sent, awaiting response... 200 OK
Length: 204528 (200K) [font/ttf]
Saving to: ‘cdn.spacebilliard.com/wordpress/wp-content/themes/Divi/core/admin/fonts/fontawesome/fa-solid-900.ttf’

     0K .......... .......... .......... .......... .......... 25% 8.34M 0s
    50K .......... .......... .......... .......... .......... 50% 12.6M 0s
   100K .......... .......... .......... .......... .......... 75% 9.88M 0s
   150K .......... .......... .......... .......... ......... 100% 47.1M=0.02s

2026-06-12 04:27:57 (12.4 MB/s) - ‘cdn.spacebilliard.com/wordpress/wp-content/themes/Divi/core/admin/fonts/fontawesome/fa-solid-900.ttf’ saved [204528/204528]

--2026-06-12 04:27:57--  https://cdn.spacebilliard.com/wordpress/wp-content/themes/Divi/core/admin/fonts/fontawesome/fa-solid-900.svg
Reusing existing connection to cdn.spacebilliard.com:443.
HTTP request sent, awaiting response... 200 OK
Length: unspecified [image/svg+xml]
Saving to: ‘cdn.spacebilliard.com/wordpress/wp-content/themes/Divi/core/admin/fonts/fontawesome/fa-solid-900.svg’

     0K .......... .......... .......... .......... .......... 10.7M
    50K .......... .......... .......... .......... .......... 8.63M
   100K .......... .......... .......... .......... .......... 16.9M
   150K .......... .......... .......... .......... .......... 20.9M
   200K .......... .......... .......... .......... .......... 12.5M
   250K .......... .......... .......... .......... .......... 20.9M
   300K .......... .......... .......... .......... .......... 9.97M
   350K .......... .......... .......... .......... .......... 21.0M
   400K .......... .......... .......... .......... .......... 13.5M
   450K .......... .......... .......... .......... .......... 13.5M
   500K .......... .......... .......... .......... .......... 27.0M
   550K .......... .......... .......... .......... .......... 18.9M
   600K .......... .......... .......... .......... .......... 18.8M
   650K .......... .......... .......... .......... .......... 31.2M
   700K .......... .......... .......... .......... .......... 46.7M
   750K .......... .......... .......... .......... .......... 35.5M
   800K .......... .......... .......... .......... .......... 37.7M
   850K .......... .......... .......... .......... ......     43.0M=0.05s

2026-06-12 04:27:58 (17.7 MB/s) - ‘cdn.spacebilliard.com/wordpress/wp-content/themes/Divi/core/admin/fonts/fontawesome/fa-solid-900.svg’ saved [917575]

--2026-06-12 04:27:58--  https://cdn.spacebilliard.com/wordpress/wp-content/themes/Divi/core/admin/fonts/fontawesome/fa-brands-400.eot
Reusing existing connection to cdn.spacebilliard.com:443.
HTTP request sent, awaiting response... 200 OK
Length: unspecified [application/vnd.ms-fontobject]
Saving to: ‘cdn.spacebilliard.com/wordpress/wp-content/themes/Divi/core/admin/fonts/fontawesome/fa-brands-400.eot’

     0K .......... .......... .......... .......... .......... 7.30M
    50K .......... .......... .......... .......... .......... 7.03M
   100K .......... .......... .......... ...                   10.2M=0.02s

2026-06-12 04:27:58 (7.74 MB/s) - ‘cdn.spacebilliard.com/wordpress/wp-content/themes/Divi/core/admin/fonts/fontawesome/fa-brands-400.eot’ saved [136822]

--2026-06-12 04:27:58--  https://cdn.spacebilliard.com/wordpress/wp-content/themes/Divi/core/admin/fonts/fontawesome/fa-brands-400.eot?
Reusing existing connection to cdn.spacebilliard.com:443.
HTTP request sent, awaiting response... 200 OK
Length: unspecified [application/vnd.ms-fontobject]
Saving to: ‘cdn.spacebilliard.com/wordpress/wp-content/themes/Divi/core/admin/fonts/fontawesome/fa-brands-400.eot?’

     0K .......... .......... .......... .......... .......... 7.48M
    50K .......... .......... .......... .......... .......... 8.74M
   100K .......... .......... .......... ...                   15.9M=0.01s

2026-06-12 04:27:58 (9.20 MB/s) - ‘cdn.spacebilliard.com/wordpress/wp-content/themes/Divi/core/admin/fonts/fontawesome/fa-brands-400.eot?’ saved [136822]

--2026-06-12 04:27:58--  https://cdn.spacebilliard.com/wordpress/wp-content/themes/Divi/core/admin/fonts/fontawesome/fa-brands-400.woff2
Reusing existing connection to cdn.spacebilliard.com:443.
HTTP request sent, awaiting response... 200 OK
Length: 78460 (77K) [font/woff2]
Saving to: ‘cdn.spacebilliard.com/wordpress/wp-content/themes/Divi/core/admin/fonts/fontawesome/fa-brands-400.woff2’

     0K .......... .......... .......... .......... .......... 65% 4.36M 0s
    50K .......... .......... ......                          100%  887K=0.04s

2026-06-12 04:27:58 (1.82 MB/s) - ‘cdn.spacebilliard.com/wordpress/wp-content/themes/Divi/core/admin/fonts/fontawesome/fa-brands-400.woff2’ saved [78460/78460]

--2026-06-12 04:27:58--  https://cdn.spacebilliard.com/wordpress/wp-content/themes/Divi/core/admin/fonts/fontawesome/fa-brands-400.woff
Reusing existing connection to cdn.spacebilliard.com:443.
HTTP request sent, awaiting response... 200 OK
Length: 92136 (90K) [font/woff]
Saving to: ‘cdn.spacebilliard.com/wordpress/wp-content/themes/Divi/core/admin/fonts/fontawesome/fa-brands-400.woff’

     0K .......... .......... .......... .......... .......... 55% 18.6M 0s
    50K .......... .......... .......... .........            100% 59.2M=0.003s

2026-06-12 04:27:58 (26.8 MB/s) - ‘cdn.spacebilliard.com/wordpress/wp-content/themes/Divi/core/admin/fonts/fontawesome/fa-brands-400.woff’ saved [92136/92136]

--2026-06-12 04:27:58--  https://cdn.spacebilliard.com/wordpress/wp-content/themes/Divi/core/admin/fonts/fontawesome/fa-brands-400.ttf
Reusing existing connection to cdn.spacebilliard.com:443.
HTTP request sent, awaiting response... 200 OK
Length: 136516 (133K) [font/ttf]
Saving to: ‘cdn.spacebilliard.com/wordpress/wp-content/themes/Divi/core/admin/fonts/fontawesome/fa-brands-400.ttf’

     0K .......... .......... .......... .......... .......... 37% 6.51M 0s
    50K .......... .......... .......... .......... .......... 75% 7.49M 0s
   100K .......... .......... .......... ...                  100% 14.4M=0.02s

2026-06-12 04:27:58 (8.00 MB/s) - ‘cdn.spacebilliard.com/wordpress/wp-content/themes/Divi/core/admin/fonts/fontawesome/fa-brands-400.ttf’ saved [136516/136516]

--2026-06-12 04:27:58--  https://cdn.spacebilliard.com/wordpress/wp-content/themes/Divi/core/admin/fonts/fontawesome/fa-brands-400.svg
Reusing existing connection to cdn.spacebilliard.com:443.
HTTP request sent, awaiting response... 200 OK
Length: unspecified [image/svg+xml]
Saving to: ‘cdn.spacebilliard.com/wordpress/wp-content/themes/Divi/core/admin/fonts/fontawesome/fa-brands-400.svg’

     0K .......... .......... .......... .......... .......... 8.30M
    50K .......... .......... .......... .......... .......... 6.60M
   100K .......... .......... .......... .......... .......... 8.99M
   150K .......... .......... .......... .......... .......... 7.56M
   200K .......... .......... .......... .......... .......... 5.80M
   250K .......... .......... .......... .......... .......... 10.2M
   300K .......... .......... .......... .......... .......... 6.52M
   350K .......... .......... .......... .......... .......... 9.25M
   400K .......... .......... .......... .......... .......... 21.1M
   450K .......... .......... .......... .......... .......... 70.9M
   500K .......... .......... .......... .......... ..........  135M
   550K .......... .......... .......... .......... .......... 90.4M
   600K .......... .......... .......... .......... ..........  102M
   650K .......... .......... .......... .......... .......... 80.4M
   700K .......... .......... ..........                        126M=0.06s

2026-06-12 04:27:58 (12.7 MB/s) - ‘cdn.spacebilliard.com/wordpress/wp-content/themes/Divi/core/admin/fonts/fontawesome/fa-brands-400.svg’ saved [747545]

--2026-06-12 04:27:58--  https://cdn.spacebilliard.com/wordpress/wp-content/plugins/divi-mobile/styles/style.min.css?ver=1.0.0
Reusing existing connection to cdn.spacebilliard.com:443.
HTTP request sent, awaiting response... 200 OK
Length: unspecified [text/css]
Saving to: ‘cdn.spacebilliard.com/wordpress/wp-content/plugins/divi-mobile/styles/style.min.css?ver=1.0.0.css’

     0K .                                                      71.4M=0s

2026-06-12 04:27:58 (71.4 MB/s) - ‘cdn.spacebilliard.com/wordpress/wp-content/plugins/divi-mobile/styles/style.min.css?ver=1.0.0.css’ saved [1198]

--2026-06-12 04:27:58--  https://spacebilliard.com/wordpress/wp-content/litespeed/css/11305cec92b36e7751491986604dce36.css?ver=4bdef
Connecting to spacebilliard.com (spacebilliard.com)|152.53.36.14|:443... connected.
HTTP request sent, awaiting response... 200 OK
Length: unspecified [text/css]
Saving to: ‘spacebilliard.com/wordpress/wp-content/litespeed/css/11305cec92b36e7751491986604dce36.css?ver=4bdef.css’

     0K .......... .......... ....                             2.76M=0.009s

2026-06-12 04:27:59 (2.76 MB/s) - ‘spacebilliard.com/wordpress/wp-content/litespeed/css/11305cec92b36e7751491986604dce36.css?ver=4bdef.css’ saved [25042]

--2026-06-12 04:27:59--  https://cdn.spacebilliard.com/wordpress/wp-includes/js/jquery/jquery.min.js?ver=3.7.1
Connecting to cdn.spacebilliard.com (cdn.spacebilliard.com)|37.19.207.37|:443... connected.
HTTP request sent, awaiting response... 200 OK
Length: unspecified [text/javascript]
Saving to: ‘cdn.spacebilliard.com/wordpress/wp-includes/js/jquery/jquery.min.js?ver=3.7.1’

     0K .......... .......... .......... .......... .......... 3.13M
    50K .......... .......... .......... .....                 7.96M=0.02s

2026-06-12 04:27:59 (4.19 MB/s) - ‘cdn.spacebilliard.com/wordpress/wp-includes/js/jquery/jquery.min.js?ver=3.7.1’ saved [87553]

--2026-06-12 04:27:59--  https://cdn.spacebilliard.com/wordpress/wp-includes/js/jquery/jquery-migrate.min.js?ver=3.4.1
Reusing existing connection to cdn.spacebilliard.com:443.
HTTP request sent, awaiting response... 200 OK
Length: unspecified [text/javascript]
Saving to: ‘cdn.spacebilliard.com/wordpress/wp-includes/js/jquery/jquery-migrate.min.js?ver=3.4.1’

     0K .......... ...                                         53.1M=0s

2026-06-12 04:27:59 (53.1 MB/s) - ‘cdn.spacebilliard.com/wordpress/wp-includes/js/jquery/jquery-migrate.min.js?ver=3.4.1’ saved [13577]

--2026-06-12 04:27:59--  https://cdn.spacebilliard.com/wordpress/wp-content/plugins/divi-mobile/js/modernizr.2.8.3.js?ver=1.9.2
Reusing existing connection to cdn.spacebilliard.com:443.
HTTP request sent, awaiting response... 200 OK
Length: unspecified [text/javascript]
Saving to: ‘cdn.spacebilliard.com/wordpress/wp-content/plugins/divi-mobile/js/modernizr.2.8.3.js?ver=1.9.2’

     0K ..........                                              359M=0s

2026-06-12 04:27:59 (359 MB/s) - ‘cdn.spacebilliard.com/wordpress/wp-content/plugins/divi-mobile/js/modernizr.2.8.3.js?ver=1.9.2’ saved [10909]

--2026-06-12 04:27:59--  https://cdn.spacebilliard.com/wordpress/wp-content/uploads/cropped-Space-Billiards-Logo-Favicon.png?strip=all&sharp=1&resize=32%2C32
Reusing existing connection to cdn.spacebilliard.com:443.
HTTP request sent, awaiting response... 200 OK
Length: 1686 (1.6K) [image/png]
Saving to: ‘cdn.spacebilliard.com/wordpress/wp-content/uploads/cropped-Space-Billiards-Logo-Favicon.png?strip=all&sharp=1&resize=32,32’

     0K .                                                     100%  107M=0s

2026-06-12 04:27:59 (107 MB/s) - ‘cdn.spacebilliard.com/wordpress/wp-content/uploads/cropped-Space-Billiards-Logo-Favicon.png?strip=all&sharp=1&resize=32,32’ saved [1686/1686]

--2026-06-12 04:27:59--  https://cdn.spacebilliard.com/wordpress/wp-content/uploads/cropped-Space-Billiards-Logo-Favicon.png?strip=all&sharp=1&resize=192%2C192
Reusing existing connection to cdn.spacebilliard.com:443.
HTTP request sent, awaiting response... 200 OK
Length: 9011 (8.8K) [image/png]
Saving to: ‘cdn.spacebilliard.com/wordpress/wp-content/uploads/cropped-Space-Billiards-Logo-Favicon.png?strip=all&sharp=1&resize=192,192’

     0K ........                                              100% 23.5M=0s

2026-06-12 04:27:59 (23.5 MB/s) - ‘cdn.spacebilliard.com/wordpress/wp-content/uploads/cropped-Space-Billiards-Logo-Favicon.png?strip=all&sharp=1&resize=192,192’ saved [9011/9011]

--2026-06-12 04:27:59--  https://cdn.spacebilliard.com/wordpress/wp-content/uploads/Space-Billiard-Background.jpg?strip=all&sharp=1
Reusing existing connection to cdn.spacebilliard.com:443.
HTTP request sent, awaiting response... 200 OK
Length: 65443 (64K) [image/jpeg]
Saving to: ‘cdn.spacebilliard.com/wordpress/wp-content/uploads/Space-Billiard-Background.jpg?strip=all&sharp=1’

     0K .......... .......... .......... .......... .......... 78% 7.71M 0s
    50K .......... ...                                        100%  278K=0.006s

2026-06-12 04:27:59 (9.86 MB/s) - ‘cdn.spacebilliard.com/wordpress/wp-content/uploads/Space-Billiard-Background.jpg?strip=all&sharp=1’ saved [65443/65443]

--2026-06-12 04:27:59--  https://cdn.spacebilliard.com/wordpress/wp-content/et-cache/94618/et-core-unified-94618.min.css?ver=1781242462
Reusing existing connection to cdn.spacebilliard.com:443.
HTTP request sent, awaiting response... 200 OK
Length: unspecified [text/css]
Saving to: ‘cdn.spacebilliard.com/wordpress/wp-content/et-cache/94618/et-core-unified-94618.min.css?ver=1781242462.css’

     0K ..                                                     2.03M=0.001s

2026-06-12 04:27:59 (2.03 MB/s) - ‘cdn.spacebilliard.com/wordpress/wp-content/et-cache/94618/et-core-unified-94618.min.css?ver=1781242462.css’ saved [2201]

--2026-06-12 04:27:59--  https://cdn.spacebilliard.com/wordpress/wp-includes/js/mediaelement/mediaelementplayer-legacy.min.css?ver=4.2.17
Reusing existing connection to cdn.spacebilliard.com:443.
HTTP request sent, awaiting response... 200 OK
Length: unspecified [text/css]
Saving to: ‘cdn.spacebilliard.com/wordpress/wp-includes/js/mediaelement/mediaelementplayer-legacy.min.css?ver=4.2.17.css’

     0K ..........                                              346M=0s

2026-06-12 04:27:59 (346 MB/s) - ‘cdn.spacebilliard.com/wordpress/wp-includes/js/mediaelement/mediaelementplayer-legacy.min.css?ver=4.2.17.css’ saved [11256]

--2026-06-12 04:27:59--  https://cdn.spacebilliard.com/wordpress/wp-includes/js/mediaelement/wp-mediaelement.min.css?ver=3bf5ad4a698112c4f104740df7703b43
Reusing existing connection to cdn.spacebilliard.com:443.
HTTP request sent, awaiting response... 200 OK
Length: unspecified [text/css]
Saving to: ‘cdn.spacebilliard.com/wordpress/wp-includes/js/mediaelement/wp-mediaelement.min.css?ver=3bf5ad4a698112c4f104740df7703b43.css’

     0K ....                                                   6.33M=0.001s

2026-06-12 04:27:59 (6.33 MB/s) - ‘cdn.spacebilliard.com/wordpress/wp-includes/js/mediaelement/wp-mediaelement.min.css?ver=3bf5ad4a698112c4f104740df7703b43.css’ saved [4186]

--2026-06-12 04:27:59--  https://cdn.spacebilliard.com/wordpress/wp-content/themes/Divi/includes/builder-5/visual-builder/build/module-style-static-background-video.css?ver=5.5.2
Reusing existing connection to cdn.spacebilliard.com:443.
HTTP request sent, awaiting response... 200 OK
Length: unspecified [text/css]
Saving to: ‘cdn.spacebilliard.com/wordpress/wp-content/themes/Divi/includes/builder-5/visual-builder/build/module-style-static-background-video.css?ver=5.5.2.css’

     0K .......... ....                                         521M=0s

2026-06-12 04:27:59 (521 MB/s) - ‘cdn.spacebilliard.com/wordpress/wp-content/themes/Divi/includes/builder-5/visual-builder/build/module-style-static-background-video.css?ver=5.5.2.css’ saved [14754]

--2026-06-12 04:27:59--  https://cdn.spacebilliard.com/wordpress/wp-content/uploads/Space-Billiard-Ball-Only-White.png
Reusing existing connection to cdn.spacebilliard.com:443.
HTTP request sent, awaiting response... 200 OK
Length: 22307 (22K) [image/png]
Saving to: ‘cdn.spacebilliard.com/wordpress/wp-content/uploads/Space-Billiard-Ball-Only-White.png’

     0K .......... .......... .                               100% 25.5M=0.001s

2026-06-12 04:27:59 (25.5 MB/s) - ‘cdn.spacebilliard.com/wordpress/wp-content/uploads/Space-Billiard-Ball-Only-White.png’ saved [22307/22307]

--2026-06-12 04:27:59--  https://spacebilliard.com/googlescript.js
Connecting to spacebilliard.com (spacebilliard.com)|152.53.36.14|:443... connected.
HTTP request sent, awaiting response... 301 Moved Permanently
Location: https://spacebilliard.com [following]
--2026-06-12 04:28:01--  https://spacebilliard.com/
Reusing existing connection to spacebilliard.com:443.
HTTP request sent, awaiting response... 200 OK
Length: unspecified [text/html]
Saving to: ‘spacebilliard.com/googlescript.js.html’

     0K .......... .......... .......... .......... .......... 3.14M
    50K .......... .......... .......... .......... .......... 6.47M
   100K .......... .......... .......... .......... .......... 9.47M
   150K .......... .......... .......... .......... .......... 13.1M
   200K .......... .......... .......... .......... .......... 16.9M
   250K .......... .......... .......... .......... .......... 19.9M
   300K .......... .......... .......... .......... .......... 25.4M
   350K .......... .......... .......... .......... .......... 26.8M
   400K .......... .......... .......... .......... .......... 23.9M
   450K .......... .......... .......... .......... .......... 38.3M
   500K .......... .......... .......... .......... .......... 38.4M
   550K .......... .......... .......... .......... .......... 27.0M
   600K .......... .......... .......... .......... .......... 21.6M
   650K .......... .......... .......... .......... .......... 23.8M
   700K .......... .......... .......... .......... .......... 38.8M
   750K .......... ........                                    16.9M=0.05s

2026-06-12 04:28:01 (13.9 MB/s) - ‘spacebilliard.com/googlescript.js.html’ saved [786649]

--2026-06-12 04:28:01--  https://cdn.spacebilliard.com/wordpress/wp-content/plugins/divi-mobile/js/classie.js?ver=1.9.2
Connecting to cdn.spacebilliard.com (cdn.spacebilliard.com)|37.19.207.37|:443... connected.
HTTP request sent, awaiting response... 200 OK
Length: unspecified [text/javascript]
Saving to: ‘cdn.spacebilliard.com/wordpress/wp-content/plugins/divi-mobile/js/classie.js?ver=1.9.2’

     0K                                                        69.4M=0s

2026-06-12 04:28:02 (69.4 MB/s) - ‘cdn.spacebilliard.com/wordpress/wp-content/plugins/divi-mobile/js/classie.js?ver=1.9.2’ saved [655]

--2026-06-12 04:28:02--  https://cdn.spacebilliard.com/wordpress/wp-content/plugins/ewww-image-optimizer/includes/lazysizes.min.js?ver=872
Reusing existing connection to cdn.spacebilliard.com:443.
HTTP request sent, awaiting response... 200 OK
Length: unspecified [text/javascript]
Saving to: ‘cdn.spacebilliard.com/wordpress/wp-content/plugins/ewww-image-optimizer/includes/lazysizes.min.js?ver=872’

     0K .......... ......                                      5.85M=0.003s

2026-06-12 04:28:02 (5.85 MB/s) - ‘cdn.spacebilliard.com/wordpress/wp-content/plugins/ewww-image-optimizer/includes/lazysizes.min.js?ver=872’ saved [17098]

--2026-06-12 04:28:02--  https://cdn.spacebilliard.com/wordpress/wp-content/plugins/divi-mobile/js/velocity.min.js?ver=1.9.2
Reusing existing connection to cdn.spacebilliard.com:443.
HTTP request sent, awaiting response... 200 OK
Length: unspecified [text/javascript]
Saving to: ‘cdn.spacebilliard.com/wordpress/wp-content/plugins/divi-mobile/js/velocity.min.js?ver=1.9.2’

     0K .......... .......... .......... ...                   5.14M=0.006s

2026-06-12 04:28:02 (5.14 MB/s) - ‘cdn.spacebilliard.com/wordpress/wp-content/plugins/divi-mobile/js/velocity.min.js?ver=1.9.2’ saved [34344]

--2026-06-12 04:28:02--  https://cdn.spacebilliard.com/wordpress/wp-content/themes/Divi/js/theme-scripts-library-base.js?ver=5.5.2
Reusing existing connection to cdn.spacebilliard.com:443.
HTTP request sent, awaiting response... 200 OK
Length: unspecified [text/javascript]
Saving to: ‘cdn.spacebilliard.com/wordpress/wp-content/themes/Divi/js/theme-scripts-library-base.js?ver=5.5.2’

     0K ...                                                     245M=0s

2026-06-12 04:28:02 (245 MB/s) - ‘cdn.spacebilliard.com/wordpress/wp-content/themes/Divi/js/theme-scripts-library-base.js?ver=5.5.2’ saved [3598]

--2026-06-12 04:28:02--  https://cdn.spacebilliard.com/wordpress/wp-content/themes/Divi/js/smoothscroll.js?ver=5.5.2
Reusing existing connection to cdn.spacebilliard.com:443.
HTTP request sent, awaiting response... 200 OK
Length: unspecified [text/javascript]
Saving to: ‘cdn.spacebilliard.com/wordpress/wp-content/themes/Divi/js/smoothscroll.js?ver=5.5.2’

     0K .....                                                  2.66G=0s

2026-06-12 04:28:02 (2.66 GB/s) - ‘cdn.spacebilliard.com/wordpress/wp-content/themes/Divi/js/smoothscroll.js?ver=5.5.2’ saved [5715]

--2026-06-12 04:28:02--  https://cdn.spacebilliard.com/wordpress/wp-content/themes/Divi/js/theme-scripts-library-menu.js?ver=5.5.2
Reusing existing connection to cdn.spacebilliard.com:443.
HTTP request sent, awaiting response... 200 OK
Length: unspecified [text/javascript]
Saving to: ‘cdn.spacebilliard.com/wordpress/wp-content/themes/Divi/js/theme-scripts-library-menu.js?ver=5.5.2’

     0K .........                                              5.66M=0.002s

2026-06-12 04:28:02 (5.66 MB/s) - ‘cdn.spacebilliard.com/wordpress/wp-content/themes/Divi/js/theme-scripts-library-menu.js?ver=5.5.2’ saved [9337]

--2026-06-12 04:28:02--  https://cdn.spacebilliard.com/wordpress/wp-content/themes/Divi/js/theme-scripts-library-scroll-to-top.js?ver=5.5.2
Reusing existing connection to cdn.spacebilliard.com:443.
HTTP request sent, awaiting response... 200 OK
Length: unspecified [text/javascript]
Saving to: ‘cdn.spacebilliard.com/wordpress/wp-content/themes/Divi/js/theme-scripts-library-scroll-to-top.js?ver=5.5.2’

     0K .                                                       684M=0s

2026-06-12 04:28:02 (684 MB/s) - ‘cdn.spacebilliard.com/wordpress/wp-content/themes/Divi/js/theme-scripts-library-scroll-to-top.js?ver=5.5.2’ saved [1435]

--2026-06-12 04:28:02--  https://cdn.spacebilliard.com/wordpress/wp-content/themes/Divi/js/theme-scripts-library-transparent-menu.js?ver=5.5.2
Reusing existing connection to cdn.spacebilliard.com:443.
HTTP request sent, awaiting response... 200 OK
Length: unspecified [text/javascript]
Saving to: ‘cdn.spacebilliard.com/wordpress/wp-content/themes/Divi/js/theme-scripts-library-transparent-menu.js?ver=5.5.2’

     0K ......                                                 2.95M=0.002s

2026-06-12 04:28:02 (2.95 MB/s) - ‘cdn.spacebilliard.com/wordpress/wp-content/themes/Divi/js/theme-scripts-library-transparent-menu.js?ver=5.5.2’ saved [6190]

--2026-06-12 04:28:02--  https://cdn.spacebilliard.com/wordpress/wp-content/plugins/3d-flipbook-dflip-lite/assets/js/dflip.min.js?ver=2.4.30
Reusing existing connection to cdn.spacebilliard.com:443.
HTTP request sent, awaiting response... 200 OK
Length: unspecified [text/javascript]
Saving to: ‘cdn.spacebilliard.com/wordpress/wp-content/plugins/3d-flipbook-dflip-lite/assets/js/dflip.min.js?ver=2.4.30’

     0K .......... .......... .......... .......... .......... 5.52M
    50K .......... .......... .......... .......... ..........  586K
   100K .......... .......... .......... .......... .......... 11.3M
   150K .......... .......... .......... .......... .......... 9.10M
   200K .......... .......... .......... ..........            22.2M=0.1s

2026-06-12 04:28:02 (2.22 MB/s) - ‘cdn.spacebilliard.com/wordpress/wp-content/plugins/3d-flipbook-dflip-lite/assets/js/dflip.min.js?ver=2.4.30’ saved [246143]

--2026-06-12 04:28:02--  https://cdn.spacebilliard.com/wordpress/wp-content/themes/Divi/includes/builder-5/visual-builder/build/script-library-frontend-global-functions.js?ver=5.5.2
Reusing existing connection to cdn.spacebilliard.com:443.
HTTP request sent, awaiting response... 200 OK
Length: unspecified [text/javascript]
Saving to: ‘cdn.spacebilliard.com/wordpress/wp-content/themes/Divi/includes/builder-5/visual-builder/build/script-library-frontend-global-functions.js?ver=5.5.2’

     0K ..........                                             5.18G=0s

2026-06-12 04:28:02 (5.18 GB/s) - ‘cdn.spacebilliard.com/wordpress/wp-content/themes/Divi/includes/builder-5/visual-builder/build/script-library-frontend-global-functions.js?ver=5.5.2’ saved [11128]

--2026-06-12 04:28:02--  https://cdn.spacebilliard.com/wordpress/wp-content/themes/Divi/includes/builder-5/visual-builder/build/script-library-ext-waypoint.js?ver=5.5.2
Reusing existing connection to cdn.spacebilliard.com:443.
HTTP request sent, awaiting response... 200 OK
Length: unspecified [text/javascript]
Saving to: ‘cdn.spacebilliard.com/wordpress/wp-content/themes/Divi/includes/builder-5/visual-builder/build/script-library-ext-waypoint.js?ver=5.5.2’

     0K ........                                               5.39M=0.002s

2026-06-12 04:28:02 (5.39 MB/s) - ‘cdn.spacebilliard.com/wordpress/wp-content/themes/Divi/includes/builder-5/visual-builder/build/script-library-ext-waypoint.js?ver=5.5.2’ saved [8749]

--2026-06-12 04:28:02--  https://cdn.spacebilliard.com/wordpress/wp-content/themes/Divi/includes/builder-5/visual-builder/build/script-library-animation.js?ver=5.5.2
Reusing existing connection to cdn.spacebilliard.com:443.
HTTP request sent, awaiting response... 200 OK
Length: unspecified [text/javascript]
Saving to: ‘cdn.spacebilliard.com/wordpress/wp-content/themes/Divi/includes/builder-5/visual-builder/build/script-library-animation.js?ver=5.5.2’

     0K .........                                              4.54G=0s

2026-06-12 04:28:02 (4.54 GB/s) - ‘cdn.spacebilliard.com/wordpress/wp-content/themes/Divi/includes/builder-5/visual-builder/build/script-library-animation.js?ver=5.5.2’ saved [9753]

--2026-06-12 04:28:02--  https://cdn.spacebilliard.com/wordpress/wp-content/plugins/litespeed-cache/assets/js/instant_click.min.js?ver=7.8.1
Reusing existing connection to cdn.spacebilliard.com:443.
HTTP request sent, awaiting response... 200 OK
Length: unspecified [text/javascript]
Saving to: ‘cdn.spacebilliard.com/wordpress/wp-content/plugins/litespeed-cache/assets/js/instant_click.min.js?ver=7.8.1’

     0K ....                                                   2.15G=0s

2026-06-12 04:28:02 (2.15 GB/s) - ‘cdn.spacebilliard.com/wordpress/wp-content/plugins/litespeed-cache/assets/js/instant_click.min.js?ver=7.8.1’ saved [4624]

--2026-06-12 04:28:02--  https://cdn.spacebilliard.com/wordpress/wp-content/themes/Divi/core/admin/js/common.js?ver=5.5.2
Reusing existing connection to cdn.spacebilliard.com:443.
HTTP request sent, awaiting response... 200 OK
Length: unspecified [text/javascript]
Saving to: ‘cdn.spacebilliard.com/wordpress/wp-content/themes/Divi/core/admin/js/common.js?ver=5.5.2’

     0K                                                         131K=0.007s

2026-06-12 04:28:02 (131 KB/s) - ‘cdn.spacebilliard.com/wordpress/wp-content/themes/Divi/core/admin/js/common.js?ver=5.5.2’ saved [890]

--2026-06-12 04:28:02--  https://cdn.spacebilliard.com/wordpress/wp-includes/js/underscore.min.js?ver=1.13.7
Reusing existing connection to cdn.spacebilliard.com:443.
HTTP request sent, awaiting response... 200 OK
Length: unspecified [text/javascript]
Saving to: ‘cdn.spacebilliard.com/wordpress/wp-includes/js/underscore.min.js?ver=1.13.7’

     0K .......... ........                                    8.37M=0.002s

2026-06-12 04:28:02 (8.37 MB/s) - ‘cdn.spacebilliard.com/wordpress/wp-includes/js/underscore.min.js?ver=1.13.7’ saved [18905]

--2026-06-12 04:28:02--  https://cdn.spacebilliard.com/wordpress/wp-includes/js/backbone.min.js?ver=1.6.0
Reusing existing connection to cdn.spacebilliard.com:443.
HTTP request sent, awaiting response... 200 OK
Length: unspecified [text/javascript]
Saving to: ‘cdn.spacebilliard.com/wordpress/wp-includes/js/backbone.min.js?ver=1.6.0’

     0K .......... .......... ...                              14.0M=0.002s

2026-06-12 04:28:02 (14.0 MB/s) - ‘cdn.spacebilliard.com/wordpress/wp-includes/js/backbone.min.js?ver=1.6.0’ saved [24301]

--2026-06-12 04:28:02--  https://cdn.spacebilliard.com/wordpress/wp-content/plugins/google-site-kit/dist/assets/js/googlesitekit-events-provider-ninja-forms-e3a0c2308db959ad9ea4.js?m=1780377911
Reusing existing connection to cdn.spacebilliard.com:443.
HTTP request sent, awaiting response... 200 OK
Length: unspecified [text/javascript]
Saving to: ‘cdn.spacebilliard.com/wordpress/wp-content/plugins/google-site-kit/dist/assets/js/googlesitekit-events-provider-ninja-forms-e3a0c2308db959ad9ea4.js?m=1780377911’

     0K .....                                                   380M=0s

2026-06-12 04:28:02 (380 MB/s) - ‘cdn.spacebilliard.com/wordpress/wp-content/plugins/google-site-kit/dist/assets/js/googlesitekit-events-provider-ninja-forms-e3a0c2308db959ad9ea4.js?m=1780377911’ saved [5180]

--2026-06-12 04:28:02--  https://cdn.spacebilliard.com/wordpress/wp-content/themes/Divi/includes/builder-5/visual-builder/build/script-library-frontend-scripts.js?ver=5.5.2
Reusing existing connection to cdn.spacebilliard.com:443.
HTTP request sent, awaiting response... 200 OK
Length: unspecified [text/javascript]
Saving to: ‘cdn.spacebilliard.com/wordpress/wp-content/themes/Divi/includes/builder-5/visual-builder/build/script-library-frontend-scripts.js?ver=5.5.2’

     0K .......... .......... .....                            16.1M=0.002s

2026-06-12 04:28:02 (16.1 MB/s) - ‘cdn.spacebilliard.com/wordpress/wp-content/themes/Divi/includes/builder-5/visual-builder/build/script-library-frontend-scripts.js?ver=5.5.2’ saved [25985]

--2026-06-12 04:28:02--  https://cdn.spacebilliard.com/wordpress/wp-content/plugins/divi-mobile/scripts/frontend-bundle.min.js?ver=1.0.0
Reusing existing connection to cdn.spacebilliard.com:443.
HTTP request sent, awaiting response... 200 OK
Length: unspecified [text/javascript]
Saving to: ‘cdn.spacebilliard.com/wordpress/wp-content/plugins/divi-mobile/scripts/frontend-bundle.min.js?ver=1.0.0’

     0K                                                         460K=0.001s

2026-06-12 04:28:02 (460 KB/s) - ‘cdn.spacebilliard.com/wordpress/wp-content/plugins/divi-mobile/scripts/frontend-bundle.min.js?ver=1.0.0’ saved [586]

--2026-06-12 04:28:02--  https://cdn.spacebilliard.com/wordpress/wp-includes/js/mediaelement/mediaelement-and-player.min.js?ver=4.2.17
Reusing existing connection to cdn.spacebilliard.com:443.
HTTP request sent, awaiting response... 200 OK
Length: unspecified [text/javascript]
Saving to: ‘cdn.spacebilliard.com/wordpress/wp-includes/js/mediaelement/mediaelement-and-player.min.js?ver=4.2.17’

     0K .......... .......... .......... .......... .......... 8.35M
    50K .......... .......... .......... .......... .......... 6.05M
   100K .......... .......... .......... .......... .......... 10.7M
   150K ....                                                   86.0K=0.02s

2026-06-12 04:28:02 (8.15 MB/s) - ‘cdn.spacebilliard.com/wordpress/wp-includes/js/mediaelement/mediaelement-and-player.min.js?ver=4.2.17’ saved [158005]

--2026-06-12 04:28:02--  https://cdn.spacebilliard.com/wordpress/wp-includes/js/mediaelement/mediaelement-migrate.min.js?ver=3bf5ad4a698112c4f104740df7703b43
Reusing existing connection to cdn.spacebilliard.com:443.
HTTP request sent, awaiting response... 200 OK
Length: unspecified [text/javascript]
Saving to: ‘cdn.spacebilliard.com/wordpress/wp-includes/js/mediaelement/mediaelement-migrate.min.js?ver=3bf5ad4a698112c4f104740df7703b43’

     0K .                                                       568M=0s

2026-06-12 04:28:03 (568 MB/s) - ‘cdn.spacebilliard.com/wordpress/wp-includes/js/mediaelement/mediaelement-migrate.min.js?ver=3bf5ad4a698112c4f104740df7703b43’ saved [1191]

--2026-06-12 04:28:03--  https://cdn.spacebilliard.com/wordpress/wp-includes/js/mediaelement/wp-mediaelement.min.js?ver=3bf5ad4a698112c4f104740df7703b43
Reusing existing connection to cdn.spacebilliard.com:443.
HTTP request sent, awaiting response... 200 OK
Length: unspecified [text/javascript]
Saving to: ‘cdn.spacebilliard.com/wordpress/wp-includes/js/mediaelement/wp-mediaelement.min.js?ver=3bf5ad4a698112c4f104740df7703b43’

     0K .                                                       528M=0s

2026-06-12 04:28:03 (528 MB/s) - ‘cdn.spacebilliard.com/wordpress/wp-includes/js/mediaelement/wp-mediaelement.min.js?ver=3bf5ad4a698112c4f104740df7703b43’ saved [1107]

--2026-06-12 04:28:03--  https://cdn.spacebilliard.com/wordpress/wp-content/themes/Divi/includes/builder-5/visual-builder/build/script-library.js?ver=5.5.2
Reusing existing connection to cdn.spacebilliard.com:443.
HTTP request sent, awaiting response... 200 OK
Length: unspecified [text/javascript]
Saving to: ‘cdn.spacebilliard.com/wordpress/wp-content/themes/Divi/includes/builder-5/visual-builder/build/script-library.js?ver=5.5.2’

     0K .......... .......... .......... .......... .......... 39.8M
    50K .......... .......... .......... .......... .....      57.2M=0.002s

2026-06-12 04:28:03 (46.5 MB/s) - ‘cdn.spacebilliard.com/wordpress/wp-content/themes/Divi/includes/builder-5/visual-builder/build/script-library.js?ver=5.5.2’ saved [97615]

--2026-06-12 04:28:03--  https://cdn.spacebilliard.com/wordpress/wp-content/themes/Divi/includes/builder-5/visual-builder/build/module-script-background-video.js?ver=5.5.2
Reusing existing connection to cdn.spacebilliard.com:443.
HTTP request sent, awaiting response... 200 OK
Length: unspecified [text/javascript]
Saving to: ‘cdn.spacebilliard.com/wordpress/wp-content/themes/Divi/includes/builder-5/visual-builder/build/module-script-background-video.js?ver=5.5.2’

     0K ....                                                   11.1M=0s

2026-06-12 04:28:03 (11.1 MB/s) - ‘cdn.spacebilliard.com/wordpress/wp-content/themes/Divi/includes/builder-5/visual-builder/build/module-script-background-video.js?ver=5.5.2’ saved [4337]

--2026-06-12 04:28:03--  https://cdn.spacebilliard.com/wordpress/wp-content/themes/Divi/includes/builder-5/visual-builder/build/script-library-multi-view.js?ver=5.5.2
Reusing existing connection to cdn.spacebilliard.com:443.
HTTP request sent, awaiting response... 200 OK
Length: unspecified [text/javascript]
Saving to: ‘cdn.spacebilliard.com/wordpress/wp-content/themes/Divi/includes/builder-5/visual-builder/build/script-library-multi-view.js?ver=5.5.2’

     0K .......... .......... ..                               4.17M=0.005s

2026-06-12 04:28:03 (4.17 MB/s) - ‘cdn.spacebilliard.com/wordpress/wp-content/themes/Divi/includes/builder-5/visual-builder/build/script-library-multi-view.js?ver=5.5.2’ saved [23271]

--2026-06-12 04:28:03--  https://cdn.spacebilliard.com/cursors/sport-pool-cursor-min.png
Reusing existing connection to cdn.spacebilliard.com:443.
HTTP request sent, awaiting response... 200 OK
Length: 882 [image/png]
Saving to: ‘cdn.spacebilliard.com/cursors/sport-pool-cursor-min.png’

     0K                                                       100% 17.2K=0s

2026-06-12 04:28:03 (17.2 KB/s) - ‘cdn.spacebilliard.com/cursors/sport-pool-cursor-min.png’ saved [882/882]

--2026-06-12 04:28:03--  https://cdn.spacebilliard.com/cursors/sport-pool-pointer-min.png
Reusing existing connection to cdn.spacebilliard.com:443.
HTTP request sent, awaiting response... 200 OK
Length: 1738 (1.7K) [image/png]
Saving to: ‘cdn.spacebilliard.com/cursors/sport-pool-pointer-min.png’

     0K .                                                     100%  957K=0.002s

2026-06-12 04:28:03 (957 KB/s) - ‘cdn.spacebilliard.com/cursors/sport-pool-pointer-min.png’ saved [1738/1738]

--2026-06-12 04:28:03--  https://cdn.spacebilliard.com/wordpress/wp-content/uploads/Space-Billiard-Logo-Single-Line-Black.png
Reusing existing connection to cdn.spacebilliard.com:443.
HTTP request sent, awaiting response... 200 OK
Length: 2718 (2.7K) [image/png]
Saving to: ‘cdn.spacebilliard.com/wordpress/wp-content/uploads/Space-Billiard-Logo-Single-Line-Black.png’

     0K ..                                                    100% 11.0M=0s

2026-06-12 04:28:03 (11.0 MB/s) - ‘cdn.spacebilliard.com/wordpress/wp-content/uploads/Space-Billiard-Logo-Single-Line-Black.png’ saved [2718/2718]

--2026-06-12 04:28:03--  https://cdn.spacebilliard.com/wordpress/wp-content/uploads/Space-Billiard-Background.jpg
Reusing existing connection to cdn.spacebilliard.com:443.
HTTP request sent, awaiting response... 200 OK
Length: 65443 (64K) [image/jpeg]
Saving to: ‘cdn.spacebilliard.com/wordpress/wp-content/uploads/Space-Billiard-Background.jpg’

     0K .......... .......... .......... .......... .......... 78% 39.5M 0s
    50K .......... ...                                        100%  136M=0.001s

2026-06-12 04:28:03 (46.7 MB/s) - ‘cdn.spacebilliard.com/wordpress/wp-content/uploads/Space-Billiard-Background.jpg’ saved [65443/65443]

--2026-06-12 04:28:03--  https://cdn.spacebilliard.com/wordpress/wp-includes/js/mediaelement/mejs-controls.svg
Reusing existing connection to cdn.spacebilliard.com:443.
HTTP request sent, awaiting response... 200 OK
Length: unspecified [image/svg+xml]
Saving to: ‘cdn.spacebilliard.com/wordpress/wp-includes/js/mediaelement/mejs-controls.svg’

     0K ....                                                   18.3M=0s

2026-06-12 04:28:03 (18.3 MB/s) - ‘cdn.spacebilliard.com/wordpress/wp-includes/js/mediaelement/mejs-controls.svg’ saved [4598]

FINISHED --2026-06-12 04:28:03--
Total wall clock time: 37s
Downloaded: 302 files, 11M in 1.7s (6.36 MB/s)
Converting links in spacebilliard.com/googlescript.js.html... 1110.
1097-13
Converting links in spacebilliard.com/index.html... 1110.
1097-13
Converting links in cdn.spacebilliard.com/wordpress/wp-content/plugins/3d-flipbook-dflip-lite/assets/css/dflip.min.css?ver=2.4.30.css... nothing to do.
Converting links in cdn.spacebilliard.com/wordpress/wp-content/et-cache/94618/et-core-unified-94618.min.css?ver=1781242462.css... 4.
4-0
Converting links in cdn.spacebilliard.com/wordpress/wp-content/plugins/divi-mobile/css/divi-mobile-stop-stacking.min.css?ver=3bf5ad4a698112c4f104740df7703b43.css... nothing to do.
Converting links in cdn.spacebilliard.com/wordpress/wp-content/plugins/divi-mobile/styles/expand-shape/circle-expand.min.css?ver=1.9.2.css... nothing to do.
Converting links in cdn.spacebilliard.com/wordpress/wp-content/plugins/divi-mobile/styles/style.min.css?ver=1.0.0.css... nothing to do.
Converting links in cdn.spacebilliard.com/wordpress/wp-content/themes/Divi/includes/builder-5/visual-builder/build/module-style-static-background-video.css?ver=5.5.2.css... nothing to do.
Converting links in cdn.spacebilliard.com/wordpress/wp-content/plugins/divi-mobile/styles/burger-menu-styles.min.css?ver=1.9.2.css... nothing to do.
Converting links in cdn.spacebilliard.com/wordpress/wp-content/plugins/divi-mobile/styles/frontend-general.min.css?ver=1.9.2.css... nothing to do.
Converting links in spacebilliard.com/wordpress/wp-content/litespeed/css/11305cec92b36e7751491986604dce36.css?ver=4bdef.css... nothing to do.
Converting links in cdn.spacebilliard.com/wordpress/wp-includes/js/mediaelement/mediaelementplayer-legacy.min.css?ver=4.2.17.css... 3.
3-0
Converting links in cdn.spacebilliard.com/wordpress/wp-content/uploads/font-awesome/v6.5.2/css/svg-with-js.css?m=872.css... nothing to do.
Converting links in cdn.spacebilliard.com/wordpress/wp-includes/js/mediaelement/wp-mediaelement.min.css?ver=3bf5ad4a698112c4f104740df7703b43.css... nothing to do.
Converted links in 14 files in 0.04 seconds.
